Unnamed: 0,ztfname,redshift,redshift_err,source,t0,x0,x1,c,t0_err,x0_err,x1_err,c_err,cov_t0_x0,cov_t0_x1,cov_t0_c,cov_x0_x1,cov_x0_c,cov_x1_c,mwebv,mwr_v,mwebv_err,fitprob,ra,dec,sn_type,sub_type,lccoverage_flag,fitquality_flag,iau_name,frac_fitted,blast_transient_spectroscopic_class,blast_transient_photometric_class,blast_host_name,blast_host_ra_deg,blast_host_dec_deg,blast_host_redshift,blast_host_EBV_MW,blast_local_log_mass_50,blast_local_log_sfr_50,blast_local_log_ssfr_50,blast_local_log_age_50,blast_local_mass_surviving_ratio,blast_global_log_mass_50,blast_global_log_sfr_50,blast_global_log_ssfr_50,blast_global_log_age_50,blast_global_mass_surviving_ratio
17,ZTF18aabvpeg,0.03703043,1.036e-05,z_gal,58177.50829671015,0.00016821,1.7287281832426629,1.0717112416537422,1.1109729012714524,4.915789517771816e-05,0.8300689964258818,0.1818575161029721,-1.26e-05,-0.034744795,0.0157373,-2.05e-05,-9.06e-06,0.079406259,0.027164194,3.1,0,0.9999999999987434,122.149918,20.063154,snia-cosmo,norm,1.0,0.0,,100.0,,,,,,,,,,,,,,,,,
19,ZTF18aabyhlc,0.02905506,1.526e-05,z_gal,58180.62126192248,0.001247359,-2.74757431,0.3330676960088438,0.5041427268151892,0.000122144,0.091428252,0.063529518,-4.25e-05,0.009264298,0.016904983,-6.15e-06,-7.32e-06,0.002846503,0.011580525,3.1,0,0.9955929225303692,226.845147,38.416547,snia,,1.0,1.0,2018aab,100.0,,,,,,,,,,,,,,,,,
22,ZTF18aagrcfl,0.04785957,1.653e-05,z_gal,58192.610793487125,0.0011629,1.253838914310036,0.1511888185044167,0.4211899310757871,5.087570819933352e-05,0.141741702,0.033973048,-1.33e-05,-0.036807963,0.007219403,1.4548039796847583e-06,-1.52e-06,-0.001606132,0.014243939,3.1,0,0.9999579885929912,236.095888,39.558108,snia-cosmo,norm,0.0,1.0,2018aej,100.0,,,,,,,,,,,,,,,,,
23,ZTF18aagrcir,0.07747969,0.0029904,z_snid,58204.63221817461,0.000977585,-0.570845033,-0.126072683,0.1520391005506098,2.870261238037489e-05,0.081414571,0.028367681,-9.45e-08,-0.000258852,-0.000598671,1.970126700412625e-07,-6.84e-07,-0.000557732,0.019425607,3.1,0,1.0673274201229455e-09,215.692206,49.312289,snia-cosmo,norm,1.0,0.0,,100.0,,,,,,,,,,,,,,,,,
31,ZTF18aahesrp,0.0647862,1.025e-05,z_gal,58207.72169400481,0.000796547,-0.063800724,0.097765187,1.055734092482453,3.4806779271156845e-05,0.5007158074452996,0.052978559,5.885807327779394e-06,-0.433716018,-0.026433456,-5.23e-06,-1.32e-06,0.010462872,0.034747615,3.1,0,0.394840171,128.939288,28.270255,snia-cosmo,norm,0.0,0.0,2018aqy,100.0,,,,,,,,,,,,,,,,,
43,ZTF18aahpaoa,0.10129822,0.00042043,z_nonSEDm,58217.68546386412,0.000406352,1.6961296060330957,-0.004995285,0.6154822875505488,4.895762047050988e-05,0.8370112598199021,0.1015151259329591,1.369501859988636e-05,-0.155572861,-0.030432543,-3.48e-05,-4.74e-06,0.065417567,0.023062513,3.1,0,0.1993631107932002,144.455528,12.464052,snia,,1.0,0.0,,100.0,,,,,,,,,,,,,,,,,
48,ZTF18aahrdpu,0.10156591,2.723e-05,z_gal,58222.38060831076,0.000480645,1.2573153549004024,-0.045887661,1.4018204623716883,3.5929876759204545e-05,0.8630973423068105,0.084981934,-3.12e-05,-0.608105995,0.073086101,-3.25e-06,-2.34e-06,-0.010820863,0.032886154,3.1,0,0.4773764182495316,127.808004,28.280239,snia,,1.0,0.0,,100.0,,,,,,,,,,,,,,,,,
50,ZTF18aahsmrw,0.07839277,2.081e-05,z_gal,58233.35714104441,0.000379296,-0.122826738,0.1449492981408791,0.2019013404897123,1.3001924406249228e-05,0.1309484601575837,0.03217178,-7.16e-08,-0.016798526,0.000156342,-3.83e-07,-3.46e-07,0.000294093,0.026945137,3.1,0,4.594439311794587e-31,181.95224,22.597199,snia-cosmo,norm,1.0,0.0,,97.81659388646288,,,,,,,,,,,,,,,,,
54,ZTF18aaialps,0.14132799,0.00310846,z_snid,58208.93916937746,0.000210701,2.434401884931157,-0.029998906,0.179667435,6.799031062304815e-06,0.1822232520645434,0.035485388,1.9998315865350002e-07,-0.004728489,-0.00150503,-2.48e-07,-1.93e-07,-0.000538033,0.016313313,3.1,0,1.7702437757681647e-05,254.749876,34.580543,snia-cosmo,norm,1.0,1.0,,100.0,,,,,,,,,,,,,,,,,
58,ZTF18aaigbvt,0.11544146,6.375e-05,z_gal,58205.87329778553,0.000268808,2.6598548391667705,-0.236924298,2.155248504528572,1.743281055327343e-05,1.2874975749982762,0.081369421,-3.4e-06,-1.707202474,-0.072473047,-7.4e-06,-4.49e-07,-0.005568757,0.024828267,3.1,0,0.6584424966160773,174.115657,17.921411,snia-cosmo,norm,1.0,0.0,,100.0,,,,,,,,,,,,,,,,,
67,ZTF18aaixjrc,0.10607894,1.599e-05,z_gal,58900.69856183165,0.000309477,-1.723971371,-0.052587516,0.084956195,9.24108228837856e-06,0.1257767795631964,0.027094469,5.6758322956921074e-08,0.001153763,-0.000175873,-6.62e-08,-2.16e-07,-4.3e-05,0.008037038,3.1,0,1.4156243358196837e-06,213.379287,43.621716,snia,,1.0,1.0,,99.63768116,,,,,,,,,,,,,,,,,
71,ZTF18aajnrgu,0.13514228,0.00885438,z_snid,58223.90805550258,9.775970209053942e-05,-2.34345322,0.1858878001214938,0.7520992000354454,1.06932547827958e-05,0.7565999704599838,0.103805488,-2.66e-06,0.020140278,0.027480311,-3.29e-06,-9.96e-07,0.02001786,0.027443084,3.1,0,0.2605366765190654,196.869473,21.469738,snia-cosmo,norm,1.0,0.0,,100.0,,,,,,,,,,,,,,,,,
74,ZTF18aajsbbq,0.08601782,2.598e-05,z_gal,58236.25056783791,0.000621279,0.4754945922190607,0.053516504,0.076820145,1.8596840949954973e-05,0.093590329,0.028593238,1.2795286008372804e-07,-0.00243154,-2.06e-05,-1.06e-07,-4.39e-07,-0.000426364,0.023105261,3.1,0,1.0818692299022763e-27,258.763626,34.828045,snia-cosmo,91t,1.0,0.0,,100.0,,,,,,,,,,,,,,,,,
76,ZTF18aajwdwz,0.09721546,1.233e-05,z_gal,58228.13086234341,0.000398273,-0.112367117,-0.118769939,0.4180684670791379,1.5692588627662873e-05,0.404965875,0.046363725,-8.75e-07,-0.03345864,0.007797939,-1.31e-06,-5.22e-07,-0.002444142,0.032782945,3.1,0,0.4095764789002753,124.917796,27.530461,snia-cosmo,norm,1.0,1.0,,100.0,,,,,,,,,,,,,,,,,
78,ZTF18aakcsqt,0.07652539,2.805e-05,z_gal,58236.52640589233,0.000566566,-0.929788648,0.007466216,0.1698804277220915,2.1655141013112196e-05,0.1648349494565554,0.035022697,7.380091044586683e-07,0.00047232,-0.001278378,-9.13e-07,-6.04e-07,-0.000435122,0.02088864,3.1,0,0.6680843385665242,184.510594,19.620818,snia-cosmo,norm,1.0,1.0,,100.0,,,,,,,,,,,,,,,,,
97,ZTF18aanygjk,0.06180617,1.349e-05,z_gal,58652.93163705723,0.001404977,0.7993006161741982,0.013729996,0.058166647,4.25461133984037e-05,0.076688543,0.027408719,1.6422299939023917e-07,0.00024552,-0.000104731,-4.43e-07,-1e-06,6.17362360704288e-05,0.029561967,3.1,0,6.7873667915208295e-06,273.063952,56.619776,snia-cosmo,norm,1.0,1.0,2019haw,100.0,,,,,,,,,,,,,,,,,
98,ZTF18aaobdza,0.1154652,1.826e-05,z_gal,58238.68958172307,0.000325036,0.9644403625130744,-0.05444845,0.2672556822799379,1.1478102383010558e-05,0.2691923784430547,0.033449574,-2.56e-07,-0.017404825,9.45135169711075e-05,-9.93e-07,-3.11e-07,0.000947385,0.022273893,3.1,0,0.1337769781356885,172.647767,46.497188,snia,,1.0,1.0,,100.0,,,,,,,,,,,,,,,,,
99,ZTF18aaobguk,0.13031168,1.488e-05,z_gal,58239.371580511935,0.000274999,-0.073189984,-0.12672558,0.1172515258331259,8.812265373004709e-06,0.1636819076043378,0.03237273,-8.15e-08,0.005064901,-0.000150734,-3.35e-07,-2.36e-07,0.000229236,0.019598133,3.1,0,0.002093619,178.049316,51.360012,snia-cosmo,norm,1.0,1.0,,99.55947136563876,,,,,,,,,,,,,,,,,
100,ZTF18aaobjwr,0.11038691,2.816e-05,z_gal,58236.18836638301,0.000244664,-2.011303058,-0.075619705,0.2056664105366508,1.0248506292672528e-05,0.2760527626222016,0.039586642,-5.75e-07,0.002029624,0.001157062,-1.1e-06,-3.19e-07,0.000903837,0.015558706,3.1,0,0.028544286,174.146216,34.589456,snia-cosmo,norm,1.0,1.0,,98.79518072289156,,,,,,,,,,,,,,,,,
101,ZTF18aaocqhe,0.12196838,0.00042021,z_nonSEDm,58240.74581285489,0.000204202,0.9582395240504632,0.098172294,0.260553596,7.445070857925451e-06,0.3058435593316776,0.035796474,-4.06e-07,0.029287342,0.000593503,-7.59e-07,-2.15e-07,0.00087075,0.024943712,3.1,0,5.549424746176716e-05,199.858072,66.391857,snia,,1.0,1.0,,100.0,,,,,,,,,,,,,,,,,
103,ZTF18aaodnxt,0.03405243,1.527e-05,z_gal,58240.66719364574,0.000375763,-0.116815017,0.3942407532783922,0.171325695,1.4158556743566162e-05,0.1872042531983652,0.037656956,-6.3e-07,0.00794247,0.000840638,-2.98e-07,-4.27e-07,-0.001624491,0.014025602,3.1,0,9.057986331511001e-19,202.017241,34.328767,snia-pec,91bg,1.0,0.0,,100.0,,,,,,,,,,,,,,,,,
106,ZTF18aaommeg,0.11006606,3.454e-05,z_gal,58246.94116709788,0.000360338,1.0092778014410284,0.042740845,0.2168229626768152,1.1496013602736287e-05,0.1305684490880286,0.03169832,-2.59e-07,-0.01277907,0.000362167,-4.12e-08,-2.99e-07,-0.000821745,0.029914748,3.1,0,0.1500615826931261,254.714877,30.184943,snia-cosmo,91t,1.0,1.0,,100.0,,,,,,,,,,,,,,,,,
118,ZTF18aaqcqve,0.11759649,0.0031305,z_snid,58244.762234774105,0.000280772,-0.541072197,-0.040724973,0.1668392600986408,8.769727552873982e-06,0.1523703128299278,0.031554092,-7.43e-08,-0.007661123,2.529831918768312e-05,-7.46e-08,-2.33e-07,-0.00027173,0.011086149,3.1,0,0.560965668,198.097981,47.450729,snia-cosmo,norm,1.0,1.0,,100.0,,,,,,,,,,,,,,,,,
123,ZTF18aaqedfj,0.06232362,2.382e-05,z_gal,58242.28836482328,0.001283062,-0.38024516,-0.159243895,0.1563720454032591,4.317879057128471e-05,0.110514852,0.031069486,9.168341906526184e-07,-0.002999712,-0.001083021,-1.17e-06,-1.06e-06,-0.000406548,0.012584376,3.1,0,0.1779199638598338,206.355047,26.424246,snia-cosmo,norm,1.0,1.0,2018bff,100.0,,,,,,,,,,,,,,,,,
125,ZTF18aaqeygf,0.10278858,0.00286356,z_snid,58253.94554458425,0.000367777,0.7665623244720342,-0.013431046,0.160864525,1.2497079157199473e-05,0.1843497787283902,0.031534467,1.812696975674305e-07,0.013723985,-0.000528904,-6.27e-07,-3.3e-07,0.000735147,0.014606954,3.1,0,0.011420495,200.350029,68.826387,snia-cosmo,norm,1.0,1.0,2018bmv,98.38709677419357,,,,,,,,,,,,,,,,,
126,ZTF18aaqffyp,0.07289707,0.00590593,z_snid,58253.76643506103,0.000711022,0.8537123515657578,-0.008487217,0.045577841,2.0911019304762463e-05,0.045889047,0.026260445,4.054365114392151e-08,-0.000208705,-5.25e-05,-4.87e-08,-4.76e-07,-3.76e-05,0.01856968,3.1,0,0.2405671137447845,231.945012,34.948218,snia-cosmo,norm,1.0,1.0,2018bhr,100.0,,,,,,,,,,,,,,,,,
127,ZTF18aaqfkqh,0.02556128,1.254e-05,z_gal,58193.90000000136,0.002479708,-1.054460046,0.24908742,0.2719481768035621,0.000116746,0.1769755153999615,0.041421979,-1.24e-11,-1.92e-08,-3.32e-10,-6.13e-06,-3.61e-06,-0.001859377,0.026107821,3.1,0,0.7332938647200556,217.603761,11.932566,snia-pec,91bg,0.0,1.0,2018ahq,100.0,,,,,,,,,,,,,,,,,
130,ZTF18aaqgbju,0.09368286,1.967e-05,z_gal,58238.73919288484,0.000773461,0.817581232,0.037949103,0.2044590812693059,2.6618894678291964e-05,0.1664926323639058,0.031328895,6.678535854519991e-07,-0.006173479,-0.001298784,-1.35e-06,-6.37e-07,-0.000445721,0.027459245,3.1,0,0.7011381355033587,236.566628,29.094635,snia,,1.0,1.0,2018bfk,100.0,,,,,,,,,,,,,,,,,
131,ZTF18aaqgoqw,0.07986115,0.00308707,z_snid,58178.42983311943,0.001409182,2.791784341652268,-0.4,0.8328171757384553,0.000145931,0.940362504,0.011256552,-3.25e-06,-0.340267745,1.1472533944997676e-10,-0.000121273,-6.17e-15,-2.15e-10,0.012019496,3.1,0,0.2168041728101735,190.458506,68.260587,snia-cosmo,norm,0.0,0.0,2018aik,100.0,,,,,,,,,,,,,,,,,
133,ZTF18aaqjvjr,0.11653354,3.77e-05,z_gal,58243.24381167242,0.000240724,-1.362747188,-0.059778139,0.2203773754408757,7.852546765821535e-06,0.2122497900946365,0.032985059,-2.7e-07,-0.010872515,0.000249764,-1.84e-07,-2.12e-07,1.2425699386564611e-05,0.013055416,3.1,0,0.076250397,189.621716,39.003057,snia-cosmo,norm,1.0,1.0,,100.0,,,,,,,,,,,,,,,,,
134,ZTF18aaqjxid,0.11099255,0.00055046,z_nonSEDm,58251.43084616851,0.00039408,0.2733303885178425,-0.084082707,0.098457719,1.221702140113444e-05,0.1278648319436719,0.030414131,1.1765741991314641e-07,0.000898237,-0.000329323,-2.25e-07,-3.1e-07,-0.000125517,0.031379409,3.1,0,1.223320035017245e-06,200.841643,45.644253,snia-cosmo,norm,1.0,1.0,,100.0,,,,,,,,,,,,,,,,,
136,ZTF18aaqkjuw,0.09659746,2.724e-05,z_gal,58431.79932444001,0.000408065,0.2227628296429432,0.089428107,0.1187884727441996,1.256580410883865e-05,0.1534445565649657,0.030747884,1.1036741552376945e-07,0.001227848,-0.000187751,-5.74e-08,-3.26e-07,-0.000428662,0.013171934,3.1,0,3.7067426080165104e-09,174.793629,56.136345,snia-cosmo,norm,1.0,0.0,2018ibj,100.0,,,,,,,,,,,,,,,,,
137,ZTF18aaqkqxi,0.07610186,2.014e-05,z_gal,58248.99488357014,0.000903812,0.1511631598299649,-0.029750711,0.2708694930588535,2.952857293294573e-05,0.1725730507704224,0.031530167,1.6718379284116571e-06,-0.026666613,-0.000125681,-8.71e-07,-7.5e-07,-0.000589394,0.0189906,3.1,0,0.7716412280931038,167.969103,39.605095,snia,,1.0,1.0,2018bvx,100.0,,,,,,,,,,,,,,,,,
139,ZTF18aaqpjja,0.06233763,1.04e-05,z_gal,58254.22776962641,0.001341898,1.2120680299863535,-0.039228002,0.482700437,9.091166330488622e-05,0.7946112808833918,0.048763102,-6.81e-06,0.297855937,-0.003689296,-4.48e-05,-3.42e-06,0.007113762,0.041185975,3.1,0,0.3457398857524647,122.473493,35.077368,snia-cosmo,norm,0.0,1.0,2018bhw,100.0,,,,,,,,,,,,,,,,,
141,ZTF18aaqpsvo,0.13505192,1.142e-05,z_gal,58250.29847086867,0.000115036,-0.869565262,-0.02446805,0.3616071741198539,5.36422976453199e-06,0.3847845450746637,0.049922132,4.995018350010207e-07,0.002588668,-0.006243616,-9.06e-07,-1.88e-07,0.000880444,0.010518608,3.1,0,0.088253658,199.627167,32.002056,snia-cosmo,norm,1.0,1.0,,100.0,,,,,,,,,,,,,,,,,
145,ZTF18aaqvuhl,0.03113501,1.15e-05,z_gal,58822.94495434878,0.002607698,-1.186136863,0.072546011,0.756030585,0.000225358,0.2132558985497514,0.049137166,-0.000121353,0.01600813,0.009701219,-2.24e-05,-6.93e-06,-0.000991954,0.024619622,3.1,0,0.7198285,239.298488,34.525422,snia,,0.0,1.0,2019xax,100.0,,,,,,,,,,,,,,,,,
148,ZTF18aarbgpc,0.13100161,0.00292617,z_snid,58250.88266147738,0.000313017,0.6956233401152364,-0.388224875,1.015454016,4.320020835133951e-05,1.1050186326848743,1.2797075746311362,-3.03e-05,0.6840142669368228,-0.017948355,-4.03e-05,9.745836606527214e-07,0.010774833,0.024789937,3.1,0,0.6458167680623434,152.462,22.613167,snia-cosmo,norm,0.0,0.0,,100.0,,,,,,,,,,,,,,,,,
154,ZTF18aarktll,0.10010473,0.00317648,z_snid,58256.60178761977,0.000463813,0.4323618957631287,-0.114612186,0.1291195423291355,1.7370177939780835e-05,0.1959240139289285,0.033965673,3.631703096603542e-07,0.002279776,-0.000765948,-1.53e-06,-5e-07,0.001692177,0.01585059,3.1,0,0.096609844,165.61923,34.302406,snia-cosmo,norm,1.0,1.0,2018bqo,100.0,,,,,,,,,,,,,,,,,
155,ZTF18aarldnh,0.10782074,2.537e-05,z_gal,58257.43942868407,0.000301456,-0.331465331,0.0443338,0.1136617087759077,1.0423735588864578e-05,0.1572547073319985,0.032033119,9.215150895714162e-09,0.010073849,-1.72e-05,-5.14e-07,-2.87e-07,0.001054041,0.012308656,3.1,0,0.026101627,195.655415,55.9257,snia-cosmo,norm,1.0,1.0,2018lpd,100.0,,,,,,,,,,,,,,,,,
156,ZTF18aarlukc,0.06258247,2.021e-05,z_gal,58643.38249767812,0.001062647,-0.452899399,-0.002241267,0.073307886,3.340725806814872e-05,0.1038481363001933,0.027487378,1.6391600536926337e-07,0.002450226,-8.13e-05,-8.02e-07,-7.78e-07,0.000298742,0.010025113,3.1,0,0.015016613,172.86865,62.1698,snia-cosmo,norm,1.0,1.0,2019ger,100.0,,,,,,,,,,,,,,,,,
161,ZTF18aarunub,0.02913002,1.701e-05,z_gal,58771.72075807519,0.002294656,2.2428861781479177,0.2979038286026753,0.775921958,0.000101767,1.163387945,0.045440365,-2.81e-05,-0.237725263,0.011024845,-1.53e-05,-3.88e-06,0.001026216,0.018721136,3.1,0,0.8589487387394827,234.553786,39.732733,snia-cosmo,norm,1.0,0.0,2019rmq,100.0,,,,,,,,,,,,,,,,,
166,ZTF18aasesgl,0.08571709,2.314e-05,z_gal,58258.19425096481,0.000275625,-1.226880727,0.1429934066749181,0.09665866,9.254503015115744e-06,0.1026141567774453,0.031042794,-6.86e-08,0.001702971,0.000239994,-2.42e-07,-2.47e-07,0.000471826,0.011478178,3.1,0,2.4776955002572443e-48,208.612637,39.722758,snia,,1.0,0.0,2018lpw,97.41935483870968,,,,,,,,,,,,,,,,,
167,ZTF18aashtth,0.09350827,1.169e-05,z_gal,58259.51361502014,0.000367909,0.3118220801317242,0.04104184,0.1525471227942034,1.2153431102567724e-05,0.1534468732453927,0.031450726,3.21877036829273e-07,-0.010988158,-0.000667474,-5.34e-07,-3.19e-07,0.000537459,0.048177479,3.1,0,0.8544433063145542,266.672511,27.589696,snia,,1.0,1.0,2018cjw,99.01960784313724,,,,,,,,,,,,,,,,,
171,ZTF18aasrsst,0.07902111,2.068e-05,z_gal,58239.36656530129,0.000534783,-1.603491913,-0.122133839,0.449455795,2.544930212909944e-05,0.5105723425356485,0.055105086,8.629929651459487e-07,-0.109466543,-0.006457632,-5.91e-06,-8.19e-07,0.002883494,0.014834329,3.1,0,0.025846502,163.159698,22.22873,snia-cosmo,norm,1.0,1.0,2018bdh,100.0,,,,,,,,,,,,,,,,,
172,ZTF18aataafd,0.07705664,1.085e-05,z_gal,58260.11126009939,0.0006408,-1.14587825,-0.132826313,0.1741296017535205,2.0848963250374173e-05,0.1456148968775145,0.029932448,5.225756471623713e-07,-0.016254763,-0.000791438,-7.91e-07,-5.3e-07,0.000740962,0.010826355,3.1,0,0.5861755773284035,214.837248,36.172048,snia-cosmo,norm,1.0,1.0,2018cbf,100.0,,,,,,,,,,,,,,,,,
178,ZTF18aaumlfl,0.08737274,2.168e-05,z_gal,58265.63507725424,0.000499188,-1.187476547,-0.083560703,0.063291142,1.5026480012039002e-05,0.073567734,0.028251714,7.963875663779359e-08,-0.000239532,-0.000254668,-8.11e-08,-3.63e-07,-9.95e-05,0.020051381,3.1,0,0.4256969462760253,244.270713,50.792461,snia-cosmo,norm,1.0,1.0,2018btg,100.0,,,,,,,,,,,,,,,,,
179,ZTF18aaunfqq,0.07108031,1.013e-05,z_gal,58267.91602744148,0.000663543,-0.825737433,0.01835056,0.05818791,2.0221341433931484e-05,0.063884095,0.027200709,-7.9e-08,0.000519696,9.059721083826324e-06,-1.78e-07,-4.75e-07,4.2823745337174513e-05,0.008497173,3.1,0,0.3097444659992364,238.579977,39.453963,snia-cosmo,norm,1.0,1.0,2018lpb,100.0,,,,,,,,,,,,,,,,,
188,ZTF18aavnxar,0.08523334,1.601e-05,z_gal,58267.90662,0.000490665,0.2735517852462147,0.025113191,0.1238542669816524,1.4633903724955988e-05,0.1167251115032536,0.028922522,-1.31e-07,0.000228073,-4.56e-05,-7.93e-08,-3.5e-07,-0.000228716,0.00737563,3.1,0,0.003645146,194.344223,26.814796,snia,,1.0,1.0,2018bzz,100.0,,,,,,,,,,,,,,,,,
189,ZTF18aavrmlf,0.1023109,2.123e-05,z_gal,58886.863726507225,0.000481106,-1.74617072,-0.205993804,0.09085611,1.4939587303415456e-05,0.1613049899703044,0.030976129,1.190084539037745e-07,0.002446474,-0.000479238,-3.97e-07,-3.81e-07,-0.000109512,0.011591906,3.1,0,1.036580296833346e-12,170.219544,53.823183,snia-cosmo,norm,1.0,0.0,2020bjj,100.0,,,,,,,,,,,,,,,,,
193,ZTF18aawczad,0.06822928,1.306e-05,z_gal,58266.43953,0.000682575,-0.473565728,-0.0215471,0.1032541655440582,2.041643795178117e-05,0.1086295416391977,0.028764348,-3e-07,-3.83e-05,0.00041953,-9.13e-08,-4.85e-07,-0.000300498,0.008923338,3.1,0,0.000416632,194.569436,27.729291,snia-cosmo,norm,1.0,1.0,2018cbv,100.0,,,,,,,,,,,,,,,,,
198,ZTF18aawnbgg,0.13318374,1.174e-05,z_gal,58265.235428796565,0.000213469,2.3420171756874564,-0.08300667,1.7184377788835263,2.5242978265794828e-05,1.2986806472437953,0.1256182041818406,-1.75e-05,-0.671787591,0.1585111332958374,-2.16e-05,-2.59e-06,0.036299421,0.018687794,3.1,0,0.1987220401365562,160.225218,23.74536,snia-cosmo,norm,1.0,0.0,2018hqd,100.0,,,,,,,,,,,,,,,,,
201,ZTF18aawtveo,0.16609002,0.00300832,z_snid,58274.39917519588,0.000216869,0.2507127172799376,-0.095060742,0.1453772215463686,6.599664347174152e-06,0.1174841943836658,0.03206439,-1.02e-07,-0.003108695,0.000178938,-8.34e-08,-1.75e-07,-2.17e-05,0.027435704,3.1,0,1.7277042429078728e-39,253.354355,64.124315,snia-cosmo,norm,1.0,0.0,,99.80119284294234,,,,,,,,,,,,,,,,,
205,ZTF18aaxcfbt,0.06809299,1.614e-05,z_gal,58277.80748090618,0.001036637,-0.137327454,-0.002480658,0.1377252966449305,3.144620140998447e-05,0.1853866095821318,0.028089008,-5.37e-08,0.002780096,-0.000114277,-8.16e-07,-7.45e-07,0.000386366,0.010573433,3.1,0,0.4974662453316705,164.612929,51.695825,snia-cosmo,norm,1.0,1.0,2018ced,100.0,,,,,,,,,,,,,,,,,
211,ZTF18aaxmacd,0.13955828,0.00286356,z_snid,58276.95593986885,0.000250515,0.2828558046131535,-0.115384491,0.3238805478758877,8.835189796279542e-06,0.4643115802678415,0.037181028,-3.63e-07,0.036655564,0.000741136,-1.45e-06,-2.59e-07,0.0027323,0.023639627,3.1,0,0.1787212336398542,185.142297,22.842377,snia-cosmo,norm,1.0,1.0,,100.0,,,,,,,,,,,,,,,,,
214,ZTF18aaxmnkw,0.08758668,1.076e-05,z_gal,58269.145346730766,0.000257564,-0.460369751,0.067196837,0.6939714119653217,1.4667809743591635e-05,0.4447408925889144,0.043404742,-6.08e-06,-0.109494504,0.007636749,-1.15e-06,-4.74e-07,0.00234935,0.022324875,3.1,0,0.032897436,220.318542,9.465361,snia-cosmo,norm,0.0,1.0,,100.0,,,,,,,,,,,,,,,,,
218,ZTF18aaxrabr,0.1690379,3.602e-05,z_gal,58274.882902351696,0.000129723,-1.673407633,-0.068669717,0.2510622714398778,4.341994389763448e-06,0.2742029956975144,0.038288476,-1.08e-07,-0.030563689,0.000581641,-1.59e-07,-1.31e-07,-0.000287475,0.020482762,3.1,0,0.2098750955080547,216.520256,37.841386,snia,,1.0,1.0,,100.0,,,,,,,,,,,,,,,,,
224,ZTF18aaxxewy,0.07998238,1.211e-05,z_gal,58283.11087878286,0.000648334,-0.264990695,-0.036148632,0.1177399511725525,2.0933830467026687e-05,0.1573352356960037,0.029380987,2.32408097285113e-07,0.005521734,-0.000236188,-8.43e-07,-5.17e-07,0.000808116,0.026830744,3.1,0,0.07344368,216.189171,5.839822,snia-cosmo,norm,1.0,1.0,2018cnx,100.0,,,,,,,,,,,,,,,,,
226,ZTF18aaxzhzf,0.10405507,1.433e-05,z_gal,58285.28948444468,0.00034405,0.4130574854212222,-0.014214073,0.2425706713911495,1.18224795218909e-05,0.3280326267323204,0.033365244,1.4637230691820704e-07,0.048079089,0.00058121,-9.91e-07,-3.16e-07,0.001929778,0.02122581,3.1,0,0.051323078,186.160682,16.461216,snia-cosmo,norm,1.0,1.0,,100.0,,,,,,,,,,,,,,,,,
228,ZTF18aaydmkh,0.08435136,1.179e-05,z_gal,58288.21123401744,0.000401555,0.300089781,0.1705848479188498,0.058357733,1.2274733861112097e-05,0.07491939,0.029337081,8.347212963386666e-08,0.000557421,-0.00018692,-9.64e-09,-3.08e-07,-0.000239026,0.025622407,3.1,0,0.000112934,260.161117,52.041946,snia-cosmo,91t,1.0,1.0,2018coh,100.0,,,,,,,,,,,,,,,,,
231,ZTF18aayivfs,0.11347575,1.947e-05,z_gal,58287.51424197358,0.00034687,-0.542029689,-0.100830348,0.3782103363373608,1.27668143130554e-05,0.5215442451445095,0.035693552,-3.78e-07,0.1754935396831949,0.002419665,-1.84e-06,-3.56e-07,0.004437558,0.018735507,3.1,0,0.6871709209128865,176.94575,40.798222,snia-cosmo,norm,1.0,1.0,,100.0,,,,,,,,,,,,,,,,,
234,ZTF18aayjomr,0.13965219,2.843e-05,z_gal,58290.15556713642,0.000258785,0.1812602024294429,-0.217567684,0.1210673609675723,8.247224152020612e-06,0.151302108,0.034502464,3.730938672497873e-08,0.008139502,-0.000175058,-2.25e-07,-2.26e-07,-9.76e-07,0.008700716,3.1,0,2.6569956433782537e-24,217.972894,38.431186,snia,,1.0,0.0,,99.37106918238992,,,,,,,,,,,,,,,,,
239,ZTF18aaykuzt,0.101012,0.00042146,z_nonSEDm,58284.70851938694,8.465468088109767e-05,1.0162669216576063,0.5746815958288949,0.2262093667159206,3.188874834597177e-06,0.2887994645412821,0.034242919,-9.63e-09,0.025745315,0.000120308,-2.62e-07,-9.59e-08,0.001738119,0.009701481,3.1,0,0.1299109570713553,222.747169,55.194167,snia,,1.0,1.0,,100.0,,,,,,,,,,,,,,,,,
244,ZTF18aayyimm,0.15642392,3.415e-05,z_gal,58288.10208133722,0.000122687,0.7350675361771327,0.062134265,0.2702836084281443,4.505751264323454e-06,0.3098958655416906,0.037509594,4.07622205382426e-09,0.050087835,-0.000323279,-4.62e-07,-1.34e-07,0.001041786,0.007485507,3.1,0,0.000468014,219.951531,35.120537,snia,,1.0,1.0,,100.0,,,,,,,,,,,,,,,,,
250,ZTF18aazgkhl,0.11752532,0.00341211,z_snid,58286.121742332165,0.000289689,-0.672904538,-0.060905999,0.8547757616724994,1.6183843689230963e-05,1.386715874866772,0.057132375,-5.35e-06,1.0574263695995214,0.026508815,-1.3e-05,-7.52e-07,0.044077217,0.1055090743788721,3.1,0,0.4091508275056843,147.841458,65.789556,snia,,1.0,0.0,,100.0,,,,,,,,,,,,,,,,,
268,ZTF18abbpeqo,0.06677031,1.035e-05,z_gal,58300.51728889076,0.000926503,0.022198006,0.016356572,0.038594195,2.6943519918485573e-05,0.048220516,0.026045617,1.1278328971151129e-07,0.000344976,-0.000139579,8.005778935538669e-08,-6.08e-07,-0.00017313,0.016887352,3.1,0,4.959706769564782e-18,238.226884,50.619379,snia-cosmo,norm,1.0,0.0,2018cvq,100.0,,,,,,,,,,,,,,,,,
271,ZTF18abcdzyc,0.0557604,1.756e-05,z_gal,58299.78950224874,0.000973733,-0.795190142,0.022308289,0.159427797,3.56207023371305e-05,0.2806114617105025,0.032470835,6.116320622054601e-07,0.008458443,7.31746812711987e-05,-3.58e-06,-9.63e-07,0.001863099,0.010645272,3.1,0,0.048274788,195.440843,61.465484,snia-cosmo,norm,1.0,1.0,2018cty,100.0,,,,,,,,,,,,,,,,,
291,ZTF18abcyilc,0.06114655,1.225e-05,z_gal,58304.647620723685,0.000274091,1.0262818510770473,0.4578440655440774,0.3985007338560535,1.582160152062965e-05,0.4733922011770179,0.049275627,-1.76e-06,0.062683329,0.005428562,-3.39e-06,-6.91e-07,0.007218583,0.013044682,3.1,0,1.3404011473899567e-09,184.048996,68.558373,snia-pec,iax,1.0,0.0,2018dyc,100.0,,,,,,,,,,,,,,,,,
301,ZTF18abdfwur,0.08071757,0.00662118,z_snid,58310.39483322521,0.000683622,-0.787085491,0.005829186,0.051395581,2.0131113630144466e-05,0.06542904,0.02690623,4.76103922674761e-08,-0.000635853,-5.24e-05,-8.75e-08,-4.66e-07,-3.41e-05,0.022363097,3.1,0,2.4521187353047712e-09,245.179719,65.639153,snia,,1.0,0.0,2018eps,100.0,,,,,,,,,,,,,,,,,
307,ZTF18abdiwpt,0.06870184,1.018e-05,z_gal,58314.3489,0.001217988,0.903997377,0.092260707,0.1180562267763889,3.9207974745717714e-05,0.089495767,0.028035036,-5.06e-07,-0.001943106,0.000112093,-6.91e-07,-9.43e-07,0.000107926,0.014207444,3.1,0,0.002008578,213.076061,62.643042,snia-cosmo,91t,1.0,1.0,2018ddg,100.0,,,,,,,,,,,,,,,,,
311,ZTF18abdrbok,0.13766594,0.00308707,z_snid,58315.58329731487,0.000194804,0.2474220822837218,-0.085540955,0.5870502054640383,1.2999393389683014e-05,0.6319517298691091,0.075871897,4.45600295036949e-07,0.090503564,0.00556325,-4.66e-06,-5.87e-07,0.01125706,0.018909217,3.1,0,0.7446574571065789,213.618588,23.007992,snia-cosmo,norm,1.0,1.0,,100.0,,,,,,,,,,,,,,,,,
321,ZTF18abetewu,0.07418317,2.487e-05,z_gal,58318.21886121578,0.000580082,1.0340808444345402,0.1394028154690141,0.176451199,2.032523477568291e-05,0.2051330296050219,0.032376588,-4.06e-07,0.016588492,0.000523826,-1.43e-06,-5.71e-07,0.001851464,0.012646105,3.1,0,0.6009187581108015,217.309018,46.050907,snia-cosmo,norm,1.0,1.0,2018dye,100.0,,,,,,,,,,,,,,,,,
324,ZTF18abfhaji,0.1017281,3.352e-05,z_gal,58321.16743998103,0.000558141,-0.0977688,-0.057794659,0.048980011,1.6484240353643008e-05,0.056915369,0.027310746,1.64561568150726e-07,0.000434845,-0.000314718,-1.44e-09,-3.89e-07,-0.000147716,0.038685266,3.1,0,5.7076685387020634e-08,263.809285,54.246926,snia-cosmo,norm,1.0,0.0,2018dsw,100.0,,,,,,,,,,,,,,,,,
327,ZTF18abfxgys,0.14015888,0.00043577,z_nonSEDm,58313.06673175326,0.000241581,0.8771089346582611,-0.084186828,0.4772953983083425,1.080325666875618e-05,0.5355561403968073,0.047456593,-1.5e-06,0.080248932,0.003877212,-2.87e-06,-3.37e-07,0.005261956,0.068390519,3.1,0,0.949692929,314.026333,9.327194,snia-cosmo,norm,1.0,1.0,,100.0,,,,,,,,,,,,,,,,,
331,ZTF18abglpdy,0.13658176,3.85e-05,z_gal,58320.34542362354,0.000225133,-0.510027834,-0.028581345,0.1333394597058941,7.796099478417804e-06,0.1847888819350077,0.034827331,8.572199525700222e-08,0.005431104,-0.000428628,-4.64e-07,-2.24e-07,0.000731886,0.006379977,3.1,0,0.000142384,245.95889,41.621394,snia-cosmo,norm,1.0,1.0,,100.0,,,,,,,,,,,,,,,,,
333,ZTF18abgosbg,0.07625503,0.00288617,z_snid,58314.09999459903,0.000554068,-1.029418386,0.027048834,0.1557410179666476,1.7251982238624286e-05,0.1172778461332003,0.028834419,-5.28e-07,-0.005099394,0.000448154,2.2080698549442722e-08,-4.21e-07,-0.000326778,0.058386014,3.1,0,7.201427448111701e-06,287.168977,78.477626,snia-cosmo,norm,1.0,1.0,2018edw,100.0,,,,,,,,,,,,,,,,,
336,ZTF18abhbfqf,0.10974824,2.134e-05,z_gal,58323.02783513121,0.000319298,0.045633682,0.019413303,0.2230389623582596,1.2766349546200191e-05,0.3277385173874447,0.036720766,3.63365191235581e-07,0.01995857,6.565861290804283e-05,-1.7e-06,-3.78e-07,0.002277734,0.014521901,3.1,0,0.077721848,199.001,69.623361,snia,,1.0,1.0,,100.0,,,,,,,,,,,,,,,,,
349,ZTF18abixjey,0.12164243,0.00042,z_nonSEDm,58331.31935699621,0.000352318,0.9248054017291638,-0.07259925,0.1712106330705864,1.1531639766552948e-05,0.2010323708949429,0.03352796,-9.43e-08,0.011516414,-7.5e-05,-4.39e-07,-3.1e-07,-0.000476276,0.023656423,3.1,0,0.053536912,227.633067,45.227279,snia-cosmo,norm,1.0,1.0,2018lpj,100.0,,,,,,,,,,,,,,,,,
356,ZTF18abjhack,0.0460575,0.0029904,z_snid,58293.490676042056,0.001639554,-0.608781424,-0.012452407,0.1000530257224454,5.377944524995377e-05,0.1008787882829593,0.030194482,2.303489386222441e-07,-0.003440065,-0.000119989,-8.02e-07,-1.4e-06,4.615581405183887e-05,0.1589905458469366,3.1,0,0.8642340356742312,312.091951,25.738807,snia-cosmo,norm,1.0,1.0,2018crv,100.0,,,,,,,,,,,,,,,,,
358,ZTF18abjqmqt,0.04904294,0.00372055,z_snid,58324.93535834725,0.001302179,-0.835126915,0.048649503,0.2489580033579841,6.729679622594943e-05,0.245656188,0.044173606,2.0840430432978403e-06,-0.013400955,-0.001855429,-4.17e-06,-2.63e-06,0.000424841,0.4756410485841648,3.1,0,6.663424856568565e-05,316.540068,70.352349,snia-cosmo,norm,1.0,1.0,2018elh,100.0,,,,,,,,,,,,,,,,,
373,ZTF18abkigee,0.09845141,0.00327567,z_snid,58342.1114,0.000418793,1.144005083003019,-0.069103809,0.1147756479913368,1.3720225300654568e-05,0.1366142452166803,0.030880952,-3.12e-08,0.004518563,-0.000441151,-4.94e-07,-3.49e-07,-5.35e-05,0.029349438,3.1,0,0.059016525,245.871689,28.833037,snia-cosmo,norm,1.0,1.0,2018eqa,100.0,,,,,,,,,,,,,,,,,
378,ZTF18abkxlcz,0.10215622,0.00327567,z_snid,58345.64245110541,0.00045975,0.2123916002482022,-0.065980873,0.098839968,1.4092392359985566e-05,0.074979174,0.029718769,1.984453911849469e-08,-0.002103616,-0.000229325,-2.32e-08,-3.59e-07,-0.000168981,0.059188834,3.1,0,1.8325555740299148e-08,285.850217,51.736525,snia-cosmo,norm,1.0,0.0,,99.71346705,,,,,,,,,,,,,,,,,
384,ZTF18ablqhqx,0.11046164,1.216e-05,z_gal,58345.092266215885,0.000487529,-3.874047566,-0.024873557,1.7459519516669388,6.115363823212821e-05,5.336693490936071,0.1155566980463776,-8.75e-05,6.060435821427777,-0.062751457,-0.000182958,5.634201598530036e-07,-0.136679882,0.011734437,3.1,0,0.0,206.727451,32.442852,snia-cosmo,norm,0.0,0.0,2018fev,100.0,,,,,,,,,,,,,,,,,
386,ZTF18ablqkba,0.16240986,1.742e-05,z_gal,58342.45841449675,0.000155004,1.560603941748609,-0.029151644,0.2754095744749065,6.966358181755293e-06,0.330283829,0.041485203,-4.91e-07,0.03936669,6.857712347050492e-05,-1.4e-06,-2.11e-07,0.002481853,0.010321249,3.1,0,0.3561329508233293,244.828694,36.490339,snia-cosmo,norm,1.0,1.0,,100.0,,,,,,,,,,,,,,,,,
391,ZTF18ablsztl,0.12379523,0.00310846,z_snid,58349.09716,0.000348396,1.543468607507868,-0.030570054,0.3105856979527743,1.1875572685315567e-05,0.2222224285426743,0.033470215,-3.96e-07,-0.03529373,0.000641757,-4.67e-07,-3.39e-07,0.00066157,0.010406485,3.1,0,0.4648563364343054,228.204945,56.259216,snia,,1.0,1.0,,100.0,,,,,,,,,,,,,,,,,
397,ZTF18ablwrmh,0.09427814,0.00317648,z_snid,58345.31293262592,0.000448606,0.8865841500795489,-0.043190651,0.2190287244484352,1.450834769317112e-05,0.1015919061912238,0.029104017,-7.68e-07,-0.010639131,0.000639756,-5.48e-09,-3.63e-07,-0.000138573,0.049327667,3.1,0,0.805819873,287.226489,67.811355,snia-cosmo,norm,1.0,1.0,,100.0,,,,,,,,,,,,,,,,,
399,ZTF18abmaewl,0.13692269,1.173e-05,z_gal,58349.67808448654,0.000256842,0.6383498805354778,-0.056479191,0.2468975012961891,9.9644935153277e-06,0.2477779432218454,0.040998565,1.6431461355238406e-07,-0.007829708,-0.000951926,-9.83e-07,-3.19e-07,0.001237182,0.075958188,3.1,0,0.9991115012601146,321.832422,15.776674,snia-cosmo,norm,1.0,1.0,,100.0,,,,,,,,,,,,,,,,,
400,ZTF18abmjcbs,0.05201079,0.00417732,z_snid,58349.135222363264,0.000755992,-2.937205883,0.2115867939279894,0.171498567,3.3351153875046914e-05,0.165488025,0.037617315,-3.23e-07,-0.006923142,5.853131422952815e-06,-1.08e-06,-1.14e-06,0.000930813,0.408614972,3.1,0,3.4630651543097677e-10,331.736667,51.40727,snia,91bg/86G,1.0,0.0,,100.0,,,,,,,,,,,,,,,,,
406,ZTF18abmmkaz,0.07153427,0.00472017,z_snid,58354.64246449727,0.001263745,0.8457714111740335,-0.091208546,0.079902936,3.67286796392588e-05,0.068389703,0.026586173,1.6984589682858538e-07,-0.002606156,-0.00016635,-1.49e-08,-8.36e-07,-0.000154709,0.094491902,3.1,0,0.018404629,273.827255,29.910744,snia-cosmo,norm,1.0,1.0,2018fdz,100.0,,,,,,,,,,,,,,,,,
407,ZTF18abmmrgm,0.10761684,0.00472017,z_snid,58349.84444774807,0.000323563,-0.939426306,0.023105897,0.2264851677864499,1.354040490751402e-05,0.3401045784815377,0.040431334,5.513079908878338e-07,0.010897768,-0.001181592,-1.78e-06,-4.26e-07,0.001216548,0.1298723579663374,3.1,0,0.1292515028065464,290.057875,73.738722,snia-cosmo,norm,1.0,1.0,,100.0,,,,,,,,,,,,,,,,,
411,ZTF18abmoung,0.06583611,1.3e-05,z_gal,58346.89380408255,0.000293667,0.4211732937843199,0.397180009,0.3232450558170967,1.0207943362066502e-05,0.1702872486463549,0.0298392,-6.71e-07,-0.031557989,0.000244766,-9.87e-09,-2.65e-07,0.000214594,0.010960114,3.1,0,0.000951141,225.937996,61.567898,snia-cosmo,norm,1.0,1.0,2018fhg,100.0,,,,,,,,,,,,,,,,,
416,ZTF18abmwpyl,0.123587,0.00012042,z_gal,58351.125494428605,0.000275022,1.2183415485675675,0.1186863790577705,0.1829644777535577,8.92900782369492e-06,0.1670933619791869,0.030897504,2.0740398470730517e-07,-0.013732998,-0.000755842,-3.28e-07,-2.37e-07,0.000477088,0.035983659,3.1,0,0.000197999,354.361954,21.903443,snia,,1.0,1.0,,100.0,,,,,,,,,,,,,,,,,
417,ZTF18abmwzpt,0.12263948,2.722e-05,z_gal,58352.897618306255,0.000212325,-0.239952872,0.058333597,0.2146433659727336,7.961840860348215e-06,0.2211469984447863,0.036327636,5.30879546728844e-08,-0.023637434,-0.000344552,-6.56e-07,-2.48e-07,0.001761015,0.022819268,3.1,0,5.728003322571679e-07,253.824187,32.865426,snia-cosmo,norm,1.0,1.0,,100.0,,,,,,,,,,,,,,,,,
426,ZTF18abntsgz,0.05514892,1.109e-05,z_gal,58359.925674295744,0.000458027,-0.420133923,0.337056039,0.080246945,1.5384161189164515e-05,0.1144117432012918,0.028872812,-1.57e-07,0.001073904,0.000225766,-4.5e-07,-3.92e-07,0.000508146,0.072264711,3.1,0,0.072220183,328.652126,18.115559,snia-cosmo,norm,1.0,1.0,2018fiv,100.0,,,,,,,,,,,,,,,,,
427,ZTF18abnucig,0.08810305,0.00320039,z_snid,58359.47651,0.000542632,0.3083674405897713,-0.073118088,0.1892244833652512,2.1571700565524063e-05,0.2081979331785091,0.036254197,-8.52e-07,-0.002109589,0.001395843,-1.83e-06,-6.78e-07,0.001709029,0.1272732983401986,3.1,0,0.004398535,293.416664,39.389284,snia-cosmo,norm,1.0,1.0,,100.0,,,,,,,,,,,,,,,,,
428,ZTF18abnvnqb,0.09442621,1.388e-05,z_gal,58360.14471713507,0.000395014,0.7681349929382506,0.029338506,0.079306465,1.2141877871209988e-05,0.093223014,0.028787032,-6.54e-08,0.001320577,6.983423268873557e-05,-1.74e-07,-3.02e-07,0.000145249,0.033449668,3.1,0,0.8327783600997875,267.428578,54.399235,snia-cosmo,norm,1.0,1.0,,100.0,,,,,,,,,,,,,,,,,
432,ZTF18abnysyy,0.124381,0.00145384,z_SEDm,58360.64372,0.000281788,0.8052039652543126,0.012968303,0.1000517702195793,9.692191466324242e-06,0.1364720362041193,0.034766936,-1.42e-07,0.001592423,0.000363576,-4.11e-07,-2.88e-07,0.000645258,0.1063189429002183,3.1,0,0.047471455,350.6231,37.232124,snia,,1.0,1.0,,99.55555555555556,,,,,,,,,,,,,,,,,
435,ZTF18aboaeqy,0.11323643,1.044e-05,z_gal,58357.84164097075,0.000304149,0.4991398807782567,-0.033074446,0.1397994739709247,1.0634299516737726e-05,0.2072622028469452,0.033516427,-5.93e-08,-0.003350171,0.000209642,-8.36e-07,-3.05e-07,0.001442437,0.016294162,3.1,0,1.5375446772979582e-05,242.676772,42.594033,snia,,1.0,1.0,2018lpx,100.0,,,,,,,,,,,,,,,,,
443,ZTF18abomwsv,0.04144175,1.029e-05,z_gal,58325.987422481696,0.001616487,-0.85124447,0.1032097812582854,0.1455959704653651,6.071246331242324e-05,0.1162261495164745,0.032508225,1.4063456341533449e-06,-0.009498875,-0.00039815,-2.28e-06,-1.68e-06,0.000207388,0.1011526067782602,3.1,0,0.3867542162923285,31.868793,11.153839,snia-cosmo,norm,1.0,1.0,2018erc,100.0,,,,,,,,,,,,,,,,,
450,ZTF18aboztta,0.09874765,1.055e-05,z_gal,58359.62398223936,0.000459826,2.722666757838964,-0.078971914,1.040026449958532,2.685085495249709e-05,0.9246967715114564,0.056245942,-1.5e-05,0.1330369950199479,0.033489845,-1.26e-05,-1.25e-06,0.011982877,0.051254197,3.1,0,0.9628883958904528,246.444869,20.425776,snia-cosmo,norm,1.0,0.0,,100.0,,,,,,,,,,,,,,,,,
451,ZTF18abpamut,0.06964517,0.00338378,z_snid,58368.10171139542,0.000673816,-0.622731194,0.042078228,0.065920035,2.05999846032834e-05,0.1125829004275514,0.027856494,-2.34e-07,0.003012221,0.000371005,-4.08e-07,-4.98e-07,0.000426343,0.012499949,3.1,0,3.237852950499697e-20,234.51257,51.360336,snia-cosmo,91t,1.0,0.0,2018fqe,99.25925925925924,,,,,,,,,,,,,,,,,
459,ZTF18abqjurg,0.07931964,2.01e-05,z_gal,58368.17319193985,0.000677161,1.5307218990057088,0.003076583,0.3518025606790615,2.7485137256029403e-05,0.556634071,0.039641903,-6.31e-07,0.066561954,0.001795006,-6.22e-06,-7.03e-07,-0.001688079,0.01217855,3.1,0,0.9088587072429688,227.017608,37.251518,snia-cosmo,norm,1.0,1.0,2018fpv,100.0,,,,,,,,,,,,,,,,,
460,ZTF18abqjvyl,0.08302288,0.00042126,z_nonSEDm,58366.40129762083,0.000576764,0.2981210086453609,-0.049730494,0.2702624563135032,1.9639785448513853e-05,0.3998968419923077,0.03250147,-1.46e-07,0.031968391,0.001258674,-2.16e-06,-5.14e-07,0.002282276,0.01604622,3.1,0,0.8365007796421714,225.265307,44.1566,snia-cosmo,norm,1.0,1.0,2018fpe,100.0,,,,,,,,,,,,,,,,,
461,ZTF18abqlpgq,0.09532505,2.01e-05,z_gal,58366.93513,0.000531354,0.5654660048591038,-0.077549894,0.2243351885808806,1.6974147378184042e-05,0.2403798989371908,0.030023749,-1.4e-07,-0.016970104,3.666963764269477e-05,-7.39e-07,-4.23e-07,0.000384211,0.062099123,3.1,0,0.2827375697053279,340.10273,16.190834,snia-cosmo,norm,1.0,1.0,2018fsf,100.0,,,,,,,,,,,,,,,,,
462,ZTF18abquyqj,0.01913766,6.355e-05,z_gal,58855.731130147135,0.000745948,-0.055014791,0.9418255454140748,0.1563546743709594,3.3581621983890095e-05,0.1440355026028088,0.038055206,1.7809657614263296e-08,0.000208897,-0.000145424,-1.49e-06,-1.14e-06,0.000779902,0.024486558,3.1,0,0.8189494390905727,17.847196,13.160193,snia-cosmo,norm,1.0,0.0,2018lqy,100.0,,,,,,,,,,,,,,,,,
466,ZTF18abrwudp,0.12634819,1.482e-05,z_gal,58368.72957437374,0.000278042,-0.237655552,-0.020276932,0.3553117754781851,1.3038998929300598e-05,0.5115587457924184,0.044715561,2.998385084231559e-07,0.1100489709300223,-0.002891825,-2.92e-06,-5e-07,0.005279472,0.00907005,3.1,0,0.9116108983058684,217.526446,58.786832,snia-cosmo,norm,1.0,1.0,,100.0,,,,,,,,,,,,,,,,,
471,ZTF18abrzcgl,0.03977677,0.00282843,z_snid,58354.24768,0.002521131,0.9386785941813376,0.018133875,0.7871868398906372,0.000190626,0.2734860761300764,0.048046184,-0.000104132,-0.076634327,0.018278555,-1.12e-05,-8.09e-06,0.002433008,0.1056781620926784,3.1,0,0.4586137704028737,109.457681,18.464418,snia,,0.0,1.0,2018fsq,100.0,,,,,,,,,,,,,,,,,
472,ZTF18abrzevz,0.10051413,0.00347023,z_snid,58371.45556223305,0.000471003,0.4342629918505321,-0.072549021,0.1202012755929899,1.5009617003487166e-05,0.1678814664115221,0.032136299,4.75300850944161e-08,0.007193141,-0.000205312,-4.55e-07,-4.02e-07,0.00021797,0.076358766,3.1,0,0.4484063730106766,272.332704,27.610352,snia-cosmo,norm,1.0,1.0,,100.0,,,,,,,,,,,,,,,,,
476,ZTF18absbsoz,0.08117887,0.00338378,z_snid,58369.313499782285,0.000543188,0.7928179785085424,0.052277022,0.2001808415698178,1.920391835769141e-05,0.2730597680907342,0.031220631,-2.46e-07,0.001296764,0.000369816,-1.64e-06,-5.2e-07,0.00175397,0.1869785419305634,3.1,0,0.3759553845890886,346.965153,23.204044,snia-cosmo,norm,1.0,1.0,2018ful,100.0,,,,,,,,,,,,,,,,,
477,ZTF18absbspk,0.13754667,0.00297321,z_snid,58378.04999990593,0.000353274,2.699734019715401,0.1943771615453885,0.3973124151489173,1.414686042728054e-05,0.3729660609466148,0.038353137,-4.28e-07,0.049897415,0.001130157,-2.16e-06,-4.4e-07,0.003373461,0.1492616445372789,3.1,0,0.000443949,347.598003,27.641014,snia-pec,03fg,1.0,1.0,,100.0,,,,,,,,,,,,,,,,,
479,ZTF18absdbvf,0.09940946,0.00308707,z_snid,58363.44234,0.000490335,-1.911609539,-0.068194881,13.127262577676449,5.270277466866511e-05,8.374762036441034,0.4377046264151794,-0.000628354,254.61396604154075,6.474951926490038,-0.000870685,-2.31e-05,8.934444899825541,0.014733168,3.1,0,0.0,215.954172,34.102867,snia-cosmo,norm,0.0,0.0,2018fqj,100.0,,,,,,,,,,,,,,,,,
480,ZTF18absdgon,0.06182114,1.436e-05,z_gal,58375.80859925957,0.000732653,0.2087721267502624,0.184477167,0.049468685,2.207122987258285e-05,0.079722112,0.027141353,8.480967347624837e-08,0.001626675,-0.000135,-8.15e-08,-5.21e-07,-2.58e-05,0.023402875,3.1,0,0.531746479,260.957533,46.301567,snia-cosmo,norm,1.0,1.0,2018frx,100.0,,,,,,,,,,,,,,,,,
481,ZTF18absdjms,0.08464811,0.00141972,z_SEDm,58373.22689916072,0.000368918,-1.470730169,0.1304915284881208,0.1157187887911277,1.2129871536755329e-05,0.2097523564685507,0.031717655,-3.5e-08,0.010515101,7.962528171357248e-05,-5.3e-07,-3.22e-07,0.000572827,0.089586777,3.1,0,0.6532388820041484,271.203133,24.954003,snia-cosmo,norm,1.0,1.0,,100.0,,,,,,,,,,,,,,,,,
486,ZTF18absiymj,0.06685337,0.0035609,z_snid,58374.23720600734,0.000385043,-0.220927455,0.1799269504187706,0.2264783077662286,1.4820495821196868e-05,0.3749276159569015,0.037058601,6.761843634744569e-09,0.009387702,-0.000214662,-2.17e-06,-4.6e-07,0.003696341,0.089051851,3.1,0,0.8908804618513927,287.7008,36.63161,snia-cosmo,norm,1.0,1.0,,100.0,,,,,,,,,,,,,,,,,
490,ZTF18absnqyo,0.03861004,0.0001205,z_gal,58374.10024872895,0.001151609,-3.484927603,0.2232272921153435,0.1872415146644925,4.567787770247487e-05,0.3250257659833111,0.041091197,-7.02e-07,0.022129186,0.00020289,-3.66e-06,-1.5e-06,0.001479613,0.1287215899936003,3.1,0,0.074825627,315.584347,19.962821,snia-cosmo,norm,1.0,0.0,2018fvw,100.0,,,,,,,,,,,,,,,,,
495,ZTF18absqlcg,0.14334967,3.06e-05,z_gal,58371.66127303235,0.000220764,0.2733026485420526,-0.068790119,0.1768112091995135,7.331559008041233e-06,0.2659786728505914,0.035201043,-1.01e-07,0.013290012,0.000422943,-5.82e-07,-2.13e-07,0.001279012,0.025179481,3.1,0,0.014533929,16.1565,12.793111,snia-cosmo,norm,1.0,1.0,,100.0,,,,,,,,,,,,,,,,,
499,ZTF18abssukb,0.11167866,3.551e-05,z_gal,58380.405582555126,0.000552737,2.0825537500362143,-0.071474499,7.976767823307455,0.000211066,8.183154869034691,0.4402009446717748,-0.001597105,53.19926374759922,3.814142002754048,-0.001322865,-9.93e-05,3.083619875936097,0.019677735,3.1,0,0.0,227.263601,31.9411,snia,,0.0,0.0,,100.0,,,,,,,,,,,,,,,,,
502,ZTF18abtcdfv,0.13117252,0.0031305,z_snid,58377.99932254609,0.000277204,1.113960881510921,-0.045669341,0.1252768250233202,8.633376602507043e-06,0.1489202429867276,0.031374035,-5.5e-08,0.012617963,0.000159183,-2.23e-07,-2.32e-07,0.000478174,0.049115204,3.1,0,0.5723901313062174,12.526863,39.956919,snia-cosmo,norm,1.0,1.0,2018lpp,100.0,,,,,,,,,,,,,,,,,
515,ZTF18abtnbys,0.04243388,1.213e-05,z_gal,58373.79176375725,0.000192857,-5.0,0.6378757004547786,0.148386549,8.100954384974757e-06,0.082870391,0.039179328,-1.07e-07,-7.74e-10,0.0006194,4.733765400986959e-14,-2.76e-07,-1.85e-10,0.080873043,3.1,0,3.981738775931104e-09,103.085796,46.989168,snia-pec,91bg,1.0,0.0,,100.0,,,,,,,,,,,,,,,,,
518,ZTF18abtqevs,0.04153204,0.00294109,z_snid,58372.36230942101,0.000488538,0.7206939110007352,0.6066980848949883,0.1572097577191016,1.8359815727777065e-05,0.256269189,0.033636986,-3.22e-07,0.016184898,0.000574394,-1.26e-06,-5.46e-07,0.001486293,0.2102711815851208,3.1,0,0.5883875429820452,1.151269,51.993785,snia-cosmo,norm,1.0,1.0,2018grt,100.0,,,,,,,,,,,,,,,,,
519,ZTF18abtqrwa,0.14120618,0.0029904,z_snid,58379.68179842897,0.000240919,0.7171836605099065,-0.106227603,0.4248919532292348,8.715715491043827e-06,0.428607456,0.039400932,-3.21e-07,0.1462593526136762,0.003267872,-1.11e-06,-2.47e-07,0.003525078,0.018612582,3.1,0,0.3040989970299755,21.945247,-17.705705,snia,,1.0,1.0,,100.0,,,,,,,,,,,,,,,,,
527,ZTF18abtzzka,0.03127219,1.269e-05,z_gal,58352.81458758112,0.004861211,0.629468455,-0.014765311,0.1380910229017899,0.000160301,0.071041986,0.029773239,-1.67e-06,-0.004957487,-4.91e-05,-9e-07,-4.15e-06,-2.19e-05,0.060565675,3.1,0,0.000198943,109.330264,52.306632,snia,,1.0,1.0,2018fay,100.0,,,,,,,,,,,,,,,,,
530,ZTF18abufwxs,0.07083545,0.00042099,z_nonSEDm,58380.68256938252,0.000204621,0.9224553707730304,0.4347821708035344,0.2569913427214487,7.316102173528016e-06,0.3528455728278372,0.031902628,-2.4e-07,0.070251697,0.001710763,-7.19e-07,-2.02e-07,0.002857523,0.049511172,3.1,0,0.00167417,353.538722,22.092612,snia,,1.0,1.0,,100.0,,,,,,,,,,,,,,,,,
538,ZTF18abulemm,0.13125543,0.00317648,z_snid,58381.49346991268,0.000273975,1.8082363787764053,0.059370372,0.5160036696433963,1.3137124849712308e-05,0.5780087769854227,0.048111086,-5.82e-07,0.145734158,0.002228956,-3.95e-06,-4.49e-07,0.005906389,0.035563728,3.1,0,0.6662507787602175,322.731516,8.795962,snia,,1.0,1.0,,100.0,,,,,,,,,,,,,,,,,
543,ZTF18abupiap,0.09410934,0.00165951,z_SEDm,58375.7059,0.0005772,0.9482076864472044,-0.018067129,0.1840767642206628,1.8126714783297203e-05,0.2547638259854803,0.031537586,-1.84e-07,0.03378285,0.000174953,-7.73e-07,-4.78e-07,0.000744968,0.046568006,3.1,0,0.644362919,44.833337,-14.099813,snia-cosmo,norm,1.0,1.0,2018gka,100.0,,,,,,,,,,,,,,,,,
547,ZTF18abuxjrd,0.07132095,1.332e-05,z_gal,58384.751520012105,0.000539813,0.5086002625602739,0.2190254109765228,0.1790090450595016,1.7691656701465522e-05,0.2323069886898222,0.030989085,-1.65e-07,0.029985334,0.000795818,-8.03e-07,-4.51e-07,0.000932269,0.041477955,3.1,0,3.864498713064292e-05,25.017984,15.071145,snia-cosmo,norm,1.0,1.0,2018git,98.07692307692308,,,,,,,,,,,,,,,,,
553,ZTF18abvkhul,0.1219407,0.00304631,z_snid,58386.26921567141,0.000314943,-0.100973644,-0.103455309,0.1398442136960511,1.0606786241149387e-05,0.1834926370250037,0.032081181,4.0025502287684745e-08,0.013598762,-1.31e-05,-5.98e-07,-2.76e-07,0.000860682,0.047014342,3.1,0,0.1122275321426336,20.340934,30.718581,snia-cosmo,norm,1.0,1.0,,100.0,,,,,,,,,,,,,,,,,
555,ZTF18abvkszn,0.12025993,0.00325,z_snid,58382.73775533927,0.00028362,-0.121915379,-0.017104666,0.3085642994410591,1.1942805707541566e-05,0.4267744352432603,0.043775936,4.6752873308721696e-08,0.061111049,0.000439254,-1.96e-06,-3.95e-07,0.002901842,0.1050223462962362,3.1,0,0.034761241,28.651497,46.436532,snia,,1.0,1.0,,100.0,,,,,,,,,,,,,,,,,
557,ZTF18abvnqkx,0.12209133,2.993e-05,z_gal,58390.17554,0.000262303,3.6065752511388816,0.1329580377104025,5.956381614349084,3.148290995553324e-05,8.225363487710846,0.1295706528588188,-0.000164167,27.703043160863256,0.6671344471117748,-0.000138062,-3.61e-06,0.5073199199628663,0.043071331,3.1,0,0.7351842840590976,258.713421,21.333475,snia,,0.0,0.0,,100.0,,,,,,,,,,,,,,,,,
559,ZTF18abvsvjs,0.09473965,1.089e-05,z_gal,58387.21311975801,0.000588827,0.5281779611282182,-0.069440591,0.1880943923279119,2.085082353807096e-05,0.2497336628155484,0.032543401,1.1836659233112885e-07,0.029637548,0.000120184,-1.53e-06,-5.41e-07,0.000824979,0.095792285,3.1,0,0.278575204,37.741084,13.439437,snia-cosmo,norm,1.0,1.0,2018guc,100.0,,,,,,,,,,,,,,,,,
560,ZTF18abvtcoe,0.041,0.001,z_unknown,58333.032761193965,0.000989036,-0.204471755,0.1795999152938751,0.1966795991756953,4.113464145607903e-05,0.2242540396375218,0.04727645,-8.38e-07,0.005519086,-0.001093687,-3.49e-06,-1.27e-06,-0.001446491,0.1277712888108241,3.1,0,6.823740538710675e-05,39.547583,26.019214,snia-cosmo,norm,1.0,1.0,2018erb,100.0,,,,,,,,,,,,,,,,,
564,ZTF18abvtltw,0.07560311,0.00410366,z_snid,58371.71681617285,0.000979719,0.8418669348783284,0.05726606,0.1168805126108054,3.1083124710920085e-05,0.182296954,0.030592854,-5.5e-07,0.004408738,0.00058518,-1.3e-06,-8.11e-07,0.000811198,0.068252091,3.1,0,0.000247464,55.304768,-19.282918,snia,,1.0,1.0,,100.0,,,,,,,,,,,,,,,,,
570,ZTF18abwbtco,0.05730358,0.00042044,z_nonSEDm,58385.12017786548,0.000272507,0.2290997858575058,0.4278455336180119,0.2698237690419773,1.126432108879938e-05,0.366512075,0.036832509,2.414977467964677e-07,0.064568293,0.00109054,-9.55e-07,-3.51e-07,0.003064991,0.1648407967790965,3.1,0,0.062466705,50.870667,25.57084,snia-cosmo,norm,1.0,1.0,,100.0,,,,,,,,,,,,,,,,,
571,ZTF18abwckzf,0.08772775,1.032e-05,z_gal,58371.811820286464,0.00042534,1.559783766269047,0.2401212519735329,3.508445880896033,0.000169121,3.2762227816267107,0.317016001,0.000134867,-9.169673318,-0.426691378,-0.000478024,-5.42e-05,0.9970240401661812,0.048109911,3.1,0,0.8468107283821018,126.82556,10.99933,snia-cosmo,norm,0.0,0.0,2018gqo,100.0,,,,,,,,,,,,,,,,,
572,ZTF18abwclem,0.06087038,1.697e-05,z_gal,58367.47727317047,0.001511736,-0.683242844,-0.191315055,2.215496336641081,0.00094539,2.539351537669836,0.4020309308526063,8.42184682457924e-05,-2.012326769,-0.206155443,-0.002353909,-0.000422084,1.1658247561529138,0.051571428,3.1,0,0.4382215426659314,130.686934,10.695152,snia-cosmo,norm,0.0,0.0,2018gqn,100.0,,,,,,,,,,,,,,,,,
576,ZTF18abwkgvf,0.11124239,0.00042279,z_nonSEDm,58388.54786179164,0.000249502,0.6999936716984599,0.1025021075226255,0.3937125659867888,1.1398401796372812e-05,0.4844431651005354,0.043223262,-9.71e-07,0.1573564406272268,0.003009109,-2.63e-06,-3.92e-07,0.006025938,0.021801345,3.1,0,0.4044915994077078,27.020167,-6.795976,snia-cosmo,norm,1.0,1.0,,100.0,,,,,,,,,,,,,,,,,
583,ZTF18abwohjb,0.14265667,1.065e-05,z_gal,58386.84536,0.000171549,0.2266383916727552,-0.006787632,0.2941368201791192,8.62422747123803e-06,0.4084639122887761,0.045445825,-2.61e-07,0.066260416,0.001768357,-2.05e-06,-2.99e-07,0.005643143,0.053855083,3.1,0,0.7645263257949793,345.303914,5.132663,snia-cosmo,norm,1.0,1.0,,100.0,,,,,,,,,,,,,,,,,
584,ZTF18abwsmed,0.04319321,0.00013713,z_gal,58376.15357,9.293571266314373e-05,1.2863548058933882,0.5820642437503615,1.2351080091975746,1.1522416214252727e-05,1.909316655941183,0.1182955009294447,-1.19e-06,0.014221031,0.002154775,-1.4e-05,-1.21e-06,0.1274507994300249,0.043118362,3.1,0,0.4558047176950037,112.773787,14.958462,snia,,0.0,0.0,,100.0,,,,,,,,,,,,,,,,,
588,ZTF18abwwuug,0.06639504,1.091e-05,z_gal,58390.17214016188,0.00105963,-0.769549838,-0.037814855,0.1795468016753147,3.501656922207195e-05,0.1945447285147915,0.032367122,1.1166063188000045e-06,0.01027206,-0.001090566,-6.75e-07,-8.67e-07,-0.001001106,0.032874791,3.1,0,0.9257017982809804,356.342898,13.060887,snia-cosmo,norm,1.0,1.0,2018grb,100.0,,,,,,,,,,,,,,,,,
590,ZTF18abxbugc,0.03587061,0.00042006,z_nonSEDm,58388.15836,0.000529847,-1.75501855,0.3936487244757179,0.3165474,3.578413982774435e-05,0.1655633279968521,0.055229711,-3.28e-06,-0.010371903,0.005061791,-5.94e-07,-1.84e-06,-0.00014193,0.019780669,3.1,0,0.9659624839512608,157.056145,79.340389,snia-cosmo,norm,1.0,1.0,2018gsq,100.0,,,,,,,,,,,,,,,,,
620,ZTF18acatfls,0.17314964,0.00382099,z_snid,58404.534125343365,0.000153141,-0.119792425,-0.100360569,2.207208795065526,2.8115266574722404e-05,1.8459107008482696,0.09474036,5.450060172958602e-05,-3.711042946,-0.082848454,-4.96e-05,-1.55e-06,0.073091758,0.070850343,3.1,0,0.597581338,353.758586,7.376531,snia,,0.0,0.0,,100.0,,,,,,,,,,,,,,,,,
651,ZTF18acbwxou,0.06879831,0.00332866,z_snid,58422.89066960827,0.001232549,0.2946425577971022,-0.084578245,0.8356607128152973,6.111236069150378e-05,0.4460656781024529,0.036657488,-3.17e-05,-0.245151369,0.007302091,5.105255168782109e-06,-1.74e-06,-0.000246903,0.045183179,3.1,0,0.9615750618819712,330.753101,14.872344,snia-cosmo,norm,0.0,1.0,2018hrm,100.0,,,,,,,,,,,,,,,,,
669,ZTF18acbzvqj,0.03830707,1.467e-05,z_gal,58388.53112681375,0.004324136,-2.65714124,-0.061082702,1.033391603428754,0.000645992,0.6626966780167557,0.101622155,0.000346576,-0.381431932,0.032309192,-0.000396165,3.3270138937126295e-05,-0.052110595,0.01988512,3.1,0,0.8503468676604453,173.090783,35.556907,snia,,0.0,0.0,2018hkn,100.0,,,,,,,,,,,,,,,,,
670,ZTF18accbppp,0.0660538,1.453e-05,z_gal,58423.69318348352,0.000700232,-1.940966352,0.059985062,0.517476492,2.8538687712054665e-05,0.2836025950844715,0.032386739,-8.59e-06,-0.103027236,0.00217653,2.3696959290267056e-06,-6.8e-07,-0.000461989,0.053542542,3.1,0,0.8190242844902119,354.300214,16.034363,snia-cosmo,norm,0.0,1.0,2018hru,100.0,,,,,,,,,,,,,,,,,
680,ZTF18acckipm,0.05841375,1.431e-05,z_gal,58416.92024450221,0.000549646,-1.244609632,0.1015024593854578,1.322388218359265,7.967439383553418e-05,0.3760843949945033,0.073313915,-9.39e-05,-0.080348841,0.067562315,-4.91e-06,-5.23e-06,0.004981044,0.033617512,3.1,0,0.8157245740572694,25.11776,3.556433,snia-cosmo,norm,0.0,0.0,2018hoy,100.0,,,,,,,,,,,,,,,,,
684,ZTF18acclmqm,0.04053457,1.048e-05,z_gal,58408.82345733229,0.001654388,-2.23515503,-0.053163282,0.1962798008316895,0.000107339,0.127268643,0.046338779,-7.88e-06,0.003861112,0.001745836,-9.15e-06,-4.28e-06,0.002394808,0.055543556,3.1,0,0.1739314264297012,111.437571,54.53198,snia,,0.0,1.0,,100.0,,,,,,,,,,,,,,,,,
697,ZTF18accuvrq,0.14840344,0.00332866,z_snid,58442.68512,0.000326101,2.643609687,-0.006912965,0.3918480465217726,1.1889511581337469e-05,0.3879620721775394,0.038918284,-5.48e-07,0.053865793,0.000155982,-1.84e-06,-3.25e-07,-0.000672262,0.064647552,3.1,0,0.004591837,111.303154,13.014784,snia,,1.0,1.0,,100.0,,,,,,,,,,,,,,,,,
698,ZTF18accvyao,0.16834811,1.059e-05,z_gal,58437.80296453942,0.00019934,1.0152992372307152,-0.053818002,0.339750968,8.308597696511983e-06,0.3949934235678481,0.044482487,-3.44e-07,0.083516644,-0.00012533,-1.29e-06,-2.88e-07,0.000763539,0.03479309,3.1,0,0.2484676192318758,128.876188,39.257128,snia,,1.0,1.0,,100.0,,,,,,,,,,,,,,,,,
712,ZTF18aceexmi,0.07422179,0.00680294,z_snid,58439.996579939696,0.000401673,0.731250638,0.1495593761341913,0.181900987,1.3017529283430004e-05,0.1987146629242024,0.031744046,-4.21e-08,0.022226658,3.4933272586264235e-05,-3.15e-07,-3.4e-07,-0.000172231,0.02044655,3.1,0,0.00436167,115.867286,15.552942,snia-cosmo,norm,1.0,1.0,2018iqa,100.0,,,,,,,,,,,,,,,,,
715,ZTF18acefxko,0.0578544,1.2e-05,z_gal,58441.56077737944,0.001173336,-0.182260868,-0.038981203,0.1635851359023945,4.22904373596569e-05,0.1583766470656313,0.034019806,1.486946746166411e-06,0.004428711,-0.001472731,-1.39e-06,-1.21e-06,2.2319929565821098e-05,0.05255943,3.1,0,0.4639265571153181,129.190089,13.470409,snia-cosmo,norm,1.0,1.0,2018ilf,100.0,,,,,,,,,,,,,,,,,
722,ZTF18acepcws,0.13122754,0.0035,z_snid,58439.72677758917,0.000240615,0.5198092106872043,-0.026943835,0.2426766801327176,8.901902691234371e-06,0.256679736,0.040103958,-1.19e-08,0.023993567,-0.000980716,-6.94e-07,-2.7e-07,-4.35e-05,0.019724259,3.1,0,0.3667840897286547,174.264844,29.942553,snia-cosmo,norm,1.0,1.0,,100.0,,,,,,,,,,,,,,,,,
734,ZTF18achbymb,0.11137441,2.728e-05,z_gal,58438.72636322508,0.000252213,1.579652944138803,0.1335857788710901,0.2831937150731392,9.351786751147395e-06,0.2998304337892306,0.037385144,4.5211024962434094e-08,0.036339231,-0.000850773,-6.11e-07,-2.83e-07,-0.000569394,0.05056914,3.1,0,0.010321217,120.221495,21.76646,snia,,1.0,1.0,,100.0,,,,,,,,,,,,,,,,,
741,ZTF18acmvcme,0.03656804,0.00317648,z_snid,58615.02726,0.003588735,-1.996474982,-0.107619898,0.1724363470893877,0.000162291,0.1355462547525194,0.041778322,1.0018263578384477e-05,-0.004638731,-0.001841931,-7.18e-06,-5.49e-06,0.000162037,0.1381340407129611,3.1,0,0.2616697233253682,292.966796,39.190582,snia-cosmo,norm,1.0,1.0,2019exv,100.0,,,,,,,,,,,,,,,,,
750,ZTF18acnbeuu,0.1021863,1.556e-05,z_gal,58448.85832108521,0.000540237,1.1195173292778673,-0.029899274,0.093110353,1.758670476363725e-05,0.1227618590999902,0.031979393,2.575499460965542e-07,0.00030896,-0.000447199,-5.07e-07,-4.79e-07,0.000329329,0.011705222,3.1,0,0.5465012178413814,142.42238,49.212555,snia-cosmo,norm,1.0,1.0,2018iuo,100.0,,,,,,,,,,,,,,,,,
754,ZTF18acnnkyl,0.11501434,3.292e-05,z_gal,58443.68622876645,8.19799901193747e-05,-0.368609402,0.6047025616658103,0.6014926235657185,7.751202480691198e-06,0.9365173087798272,0.081445336,2.015195238363124e-07,0.1945123186804832,-0.002761886,-3.23e-06,-5.6e-07,0.016138914,0.069344698,3.1,0,0.9547332221822412,107.386083,49.809278,snia-cosmo,norm,1.0,1.0,,100.0,,,,,,,,,,,,,,,,,
756,ZTF18acnnxzz,0.07661108,1.129e-05,z_gal,58443.29975767765,0.000417259,-0.012368689,0.1634288833042256,0.2085026901550009,1.3877767745195735e-05,0.2087668846983117,0.032464757,4.4562094684689714e-07,0.020541093,-0.00082602,-2.57e-07,-3.74e-07,2.027146543978522e-05,0.018709568,3.1,0,0.4237726438148966,152.724465,6.754259,snia,,1.0,1.0,2018isf,100.0,,,,,,,,,,,,,,,,,
759,ZTF18acpeesd,0.0930738,1.067e-05,z_gal,58440.80759416806,0.000556762,0.2514439450386075,-0.02795757,0.3436275181265955,2.384495431502373e-05,0.2713209533795537,0.043604403,1.2091097947253628e-06,0.011324903,-0.004657545,-1.86e-06,-8.16e-07,-0.000268713,0.015624227,3.1,0,0.1443244716897265,181.847002,9.084208,snia,,1.0,1.0,2018iuc,100.0,,,,,,,,,,,,,,,,,
763,ZTF18acpscso,0.07108,1.414e-05,z_gal,58453.02667556165,0.000760295,1.1641843475377225,0.097999613,0.8110454204797861,5.364106835635009e-05,0.332664854,0.053486555,-1.77e-05,-0.181008087,0.013974477,-2.08e-06,-2.62e-06,0.000670525,0.020719386,3.1,0,0.9784757765182398,31.990773,-6.093366,snia-cosmo,norm,0.0,1.0,2018iyw,100.0,,,,,,,,,,,,,,,,,
777,ZTF18acrcgyb,0.08172088,0.00146915,z_SEDm,58452.26222039201,0.000574571,-0.841815602,-0.089221493,0.7243821880401811,5.333834414936856e-05,0.2735964241958823,0.07334249,-1.43e-05,-0.090046267,0.013720152,-4.7e-06,-3.75e-06,0.006532786,0.018231517,3.1,0,0.3353530657136965,31.599281,-13.37365,snia-cosmo,norm,0.0,1.0,2018jgx,100.0,,,,,,,,,,,,,,,,,
784,ZTF18acrewzd,0.16487402,0.00330189,z_snid,58451.62350683529,0.000171865,0.5503644145676356,0.00981681,0.4432432026223978,1.0501331275574248e-05,0.455650236,0.061652897,-5.04e-07,0.045132649,-0.00025607,-2.57e-06,-5.45e-07,0.00762773,0.035187376,3.1,0,0.022726915,70.322042,-1.76875,snia,,1.0,1.0,,100.0,,,,,,,,,,,,,,,,,
786,ZTF18acrfond,0.1166142,0.00042007,z_nonSEDm,58448.73005717034,0.000169448,1.052757896737203,0.2431689957756016,0.702686206,1.910515533487818e-05,0.7235443014410421,0.098153901,3.205525432329002e-06,-0.003115898,-0.021617345,-8.21e-06,-1.77e-06,0.032154092,0.1203843459667725,3.1,0,0.6716639381530453,59.862292,24.589,snia-cosmo,norm,1.0,1.0,,100.0,,,,,,,,,,,,,,,,,
853,ZTF18acvwbos,0.02910835,1.185e-05,z_gal,58471.46164200918,0.001507846,-0.567137844,0.467826608,0.2318239386513596,5.9783943874929706e-05,0.1190076948728127,0.035845303,-4.47e-06,-0.016221928,0.002659949,-8.8e-08,-1.91e-06,-0.000402173,0.015328978,3.1,0,1.1574894281008188e-73,214.114793,65.525193,snia-pec,iax,1.0,0.0,2018kbe,85.71428571428571,,,,,,,,,,,,,,,,,
881,ZTF18aczbgpm,0.05282291,0.00335596,z_snid,58484.85746476096,0.001765425,0.2334356560900995,-0.051898064,0.2783304793083516,6.717441637853726e-05,0.3841254103287699,0.044495786,-5.29e-06,0.0122251,0.004558897,-8.34e-06,-2.21e-06,0.000538326,0.084024918,3.1,0,0.3580238519661292,352.205103,28.360678,snia-cosmo,norm,1.0,1.0,2018kie,100.0,,,,,,,,,,,,,,,,,
882,ZTF18aczdapb,0.04717155,2.046e-05,z_gal,58470.994347559135,0.00047128,2.0591792390663577,0.3865259064469507,2.434627837003063,8.139746046703856e-05,2.659993458579461,0.1253998367412733,3.8864176564792585e-05,-5.718317049,-0.076836706,-0.00014773,-9.94e-06,0.230169765,0.02558644,3.1,0,0.4403512318785663,138.201147,27.128634,snia,,0.0,0.0,2018jhv,100.0,,,,,,,,,,,,,,,,,
907,ZTF18adazeua,0.09036711,2.017e-05,z_gal,58487.60154,0.000424446,0.4779241633741665,0.098447307,0.3506098332727561,1.860461604597503e-05,0.7428852915326736,0.041859879,-1.59e-06,0.070341483,0.003575563,-7.02e-06,-5.5e-07,0.00163068,0.026293529,3.1,0,0.1573109387634531,150.53268,19.139951,snia-cosmo,norm,1.0,1.0,2018lef,100.0,,,,,,,,,,,,,,,,,
941,ZTF19aacilht,0.07612555,1.678e-05,z_gal,58503.91527127432,0.000689874,-1.716462822,-0.087199102,0.1395240139499947,2.6231059014470163e-05,0.2020978446311273,0.037214976,-4.93e-07,0.017479901,0.00048789,-1.91e-06,-7.7e-07,0.001247687,0.016564128,3.1,0,0.3365218099012855,184.728735,5.249132,snia-cosmo,norm,1.0,1.0,2019qo,100.0,,,,,,,,,,,,,,,,,
943,ZTF19aacqeai,0.0471,0.0028,z_snid,58499.84872884714,0.000663641,-1.065329207,0.1646737002149306,0.248896969,3.918045232389442e-05,0.5634893463866755,0.050970121,-3.88e-07,0.069162979,-0.000223017,-1.35e-05,-1.6e-06,0.009205521,0.2739717295712433,3.1,0,0.2008730902025691,60.68221,19.503485,snia,,1.0,1.0,2019ri,100.0,,,,,,,,,,,,,,,,,
948,ZTF19aacyqhc,0.13356948,0.00310846,z_snid,58506.193794262006,0.000270998,0.6637579759556023,-0.0576503,0.881079205,1.9311843742647112e-05,0.9378378995496351,0.070850953,-4.85e-06,-0.514170607,0.004076876,1.419040615377734e-06,-1.15e-06,-0.01924249,0.028522354,3.1,0,0.1242295200614342,133.783996,14.370107,snia,,0.0,1.0,2019ajc,100.0,,,,,,,,,,,,,,,,,
949,ZTF19aadaszg,0.02177129,1.077e-05,z_gal,58511.14190173663,0.007150435,-4.999995339,0.1227349990308346,1.017337958975986,0.003516767,5.123490083938865,0.3384189813610674,-0.000255133,9.776666408874484e-05,0.017700614,-4.04e-08,-0.001232453,-4.08e-06,0.044052725,3.1,0,0.9975951036668592,345.730058,8.402809,snia-cosmo,norm,0.0,0.0,2019rg,100.0,,,,,,,,,,,,,,,,,
950,ZTF19aaddzpk,0.05369276,1.043e-05,z_gal,58504.895578871234,0.001134861,-1.938725846,-0.125637262,0.3029215253845905,5.365698389303596e-05,0.3197707157611619,0.077440976,9.291883854196624e-07,0.050944732,-0.002476866,-2.61e-06,-2.36e-06,-0.006374648,0.039233181,3.1,0,0.1300673949449551,174.704728,-3.816068,snia-cosmo,norm,0.0,1.0,2019qr,100.0,,,,,,,,,,,,,,,,,
961,ZTF19aadpdqm,0.05016455,1.565e-05,z_gal,58511.22024313604,0.000606186,3.583554227908901,0.3904853116744641,4.475905752289691,4.133124069537382e-05,7.311036043,0.1268455691477468,-0.00013791,15.377856477286633,0.5082851517193353,-0.000110896,-4.57e-06,0.3816639998914187,0.021253898,3.1,0,0.920293275,16.648098,1.264344,snia-cosmo,norm,0.0,0.0,2019ww,100.0,,,,,,,,,,,,,,,,,
967,ZTF19aaeflme,0.048,1.414e-05,z_gal,58516.49926831155,0.001565071,-0.044217684,0.030745414,0.2710789284683415,6.479643087019336e-05,0.3828183279428516,0.04252815,-2.17e-06,0.074503499,0.002818284,-9.7e-06,-2.16e-06,0.005046815,0.1649683922200578,3.1,0,0.039391141,51.427931,41.241584,snia-cosmo,norm,1.0,1.0,2019abv,100.0,,,,,,,,,,,,,,,,,
970,ZTF19aaejslw,0.07855058,1.229e-05,z_gal,58509.72867493478,0.000288315,-2.232356644,0.2070246457666598,0.8590916059256415,1.7482246948323613e-05,0.665443234,0.069828534,1.5904649157693168e-06,-0.305067143,-0.005718291,-3.4e-06,-8.23e-07,-0.000215652,0.030005752,3.1,0,0.00978502,224.365926,8.785796,snia-pec,91bg,1.0,1.0,2019afa,100.0,,,,,,,,,,,,,,,,,
985,ZTF19aafnecv,0.03862097,1.002e-05,z_gal,58520.0,0.003165296,0.1256179214662419,-0.067479673,0.053597818,0.000119252,0.1103438640276717,0.0310379,-2.51e-15,2.2209737892767615e-11,6.99314883144585e-13,-5.68e-06,-3.03e-06,0.000237697,0.046853951,3.1,0,0.7486327510145236,255.268361,25.869776,snia-cosmo,norm,1.0,1.0,2019ago,100.0,,,,,,,,,,,,,,,,,
988,ZTF19aagflbn,0.12177306,0.00300832,z_snid,58521.28226657768,0.000443467,1.3363207670812778,-0.066370749,0.8612054233890376,2.102276578721599e-05,0.7291814459044881,0.052508895,-4.91e-06,0.1940471274563519,0.002043468,-5.88e-06,-7.55e-07,0.004780486,0.041183564,3.1,0,0.091694046,223.739827,3.014072,snia,,0.0,1.0,,100.0,,,,,,,,,,,,,,,,,
989,ZTF19aagkfvq,0.05289022,0.00488262,z_snid,58983.28736854869,0.000836871,-2.037150064,0.2096847190112794,0.2455748159773065,3.6809473405353065e-05,0.4486691508148983,0.044796067,-1.86e-06,0.014087965,0.003077516,-6.4e-06,-1.36e-06,0.005190588,0.026953016,3.1,0,0.5145851467901774,162.888343,-10.147636,snia-cosmo,norm,1.0,1.0,2020jfl,100.0,,,,,,,,,,,,,,,,,
990,ZTF19aagmpeq,0.06160913,1.74e-05,z_gal,58526.41200794573,0.001142148,1.036796900401138,-0.058487438,0.2885042027664894,3.698901592350727e-05,0.2168674438696723,0.036957333,8.590170243738454e-07,-0.049932986,-0.000313261,-1.57e-06,-9.8e-07,-0.000110648,0.015102938,3.1,0,0.8978785772618199,179.678552,52.095058,snia-cosmo,norm,1.0,1.0,2019akf,100.0,,,,,,,,,,,,,,,,,
1006,ZTF19aailqli,0.05621222,1.038e-05,z_gal,58535.60877626119,0.001321409,0.6825947512393911,0.017691751,0.1361230001675721,4.27187478808257e-05,0.08664387,0.028744104,-8.87e-07,-0.002740468,0.000313996,-5.02e-07,-1.05e-06,-1.98e-06,0.013527523,3.1,0,0.8793739389134586,200.331031,52.778573,snia-cosmo,norm,1.0,1.0,2019avp,100.0,,,,,,,,,,,,,,,,,
1019,ZTF19aajxhwa,0.03230924,0.00306635,z_snid,58539.59442122336,0.00359419,0.6583439730593603,-0.067764458,0.1957775009504985,0.00012289,0.1994201378553527,0.033468842,-3.8e-07,-0.013157311,-0.00025107,-4.63e-06,-3.45e-06,0.000627559,0.2004261889493562,3.1,0,0.000363912,78.32949,8.193518,snia-cosmo,norm,1.0,1.0,2019aup,100.0,,,,,,,,,,,,,,,,,
1034,ZTF19aaklqod,0.02995515,1.312e-05,z_gal,58904.32849730097,0.003250006,-1.747954975,-0.051397493,0.079132352,0.000102,0.1202228166391371,0.029250615,4.001269807151926e-07,0.005034797,-4.54e-05,-1.02e-06,-2.56e-06,0.000177684,0.025072009,3.1,0,0.055792588,134.656745,20.191845,snia-cosmo,91t,1.0,1.0,2020ctr,100.0,,,,,,,,,,,,,,,,,
1038,ZTF19aaknemm,0.06848299,0.00146048,z_SEDm,58539.65291477597,0.000913035,0.4847572568156862,0.021297695,1.0054465030843858,5.182898233945676e-05,0.3935219982847626,0.048248874,-3.07e-05,-0.215419357,0.023863569,1.451036368831418e-06,-2.24e-06,-0.001890493,0.026165384,3.1,0,0.01317954,121.62639,-2.743674,snia-cosmo,norm,0.0,0.0,2019blt,100.0,,,,,,,,,,,,,,,,,
1040,ZTF19aaknvlv,0.07767852,1.271e-05,z_gal,58548.52488,0.000874383,-0.509456854,-0.020440115,0.515849195,4.3629507737450064e-05,0.4195529661662702,0.048193469,1.2943991176121323e-05,-0.166337596,-0.001489763,-1.16e-05,-1.11e-06,-0.000354178,0.025760705,3.1,0,0.5753633548899381,177.475625,8.56582,snia-cosmo,norm,1.0,1.0,2019bik,100.0,,,,,,,,,,,,,,,,,
1060,ZTF19aakwifv,0.08460809,0.00330189,z_snid,58550.44568163163,0.000638925,-0.034504887,-0.051985892,0.327310051,2.9879924368334717e-05,0.5728342776679217,0.04880477,-6.32e-07,0.1163444966059359,0.000474059,-8.57e-06,-9.47e-07,0.004574384,0.1245565694016422,3.1,0,0.8458141508589861,78.127201,6.948244,snia-cosmo,norm,1.0,1.0,2019bnx,100.0,,,,,,,,,,,,,,,,,
1091,ZTF19aalzmio,0.06544191,1.219e-05,z_gal,58563.58877775056,0.001294944,0.4857804899267486,-0.105960527,0.2154084578505717,5.238082799903943e-05,0.2449025225409007,0.036827761,3.090189538518816e-06,-0.029781136,-0.001754433,-7.18e-06,-1.56e-06,0.002835608,0.016704038,3.1,0,0.4481851142831912,212.185315,29.050597,snia,,1.0,1.0,2019bpe,100.0,,,,,,,,,,,,,,,,,
1096,ZTF19aambfxc,0.0541,1.414e-05,z_gal,58889.25836001924,0.001735698,0.092148207,-0.032477094,0.1090677849679195,5.853569232479132e-05,0.1635054042225922,0.032187029,-2.99e-07,0.00275842,2.756172014378391e-06,-2.96e-06,-1.58e-06,0.000866282,0.036999307,3.1,0,0.9218994765288544,265.429438,67.962049,snia-cosmo,norm,1.0,1.0,2020aewj,100.0,,,,,,,,,,,,,,,,,
1125,ZTF19aamrnyv,0.027771,0.00141297,z_SEDm,58567.12296111933,0.002875807,0.6066470745011994,0.2497201937002104,0.2783281308256846,0.000132992,0.2512010509684853,0.042164371,6.465042514688779e-07,-0.0182844,0.001039632,-5.8e-06,-4.75e-06,-0.001006512,0.5354694057085295,3.1,0,0.007884497,87.99073,18.11809,snia,,1.0,1.0,,96.66666666666669,,,,,,,,,,,,,,,,,
1147,ZTF19aanircs,0.06676869,2.761e-05,z_gal,58583.21053497408,0.00122778,1.1856090505551442,-0.047899864,0.067293912,3.606795240476397e-05,0.066112741,0.027161418,8.313675246601529e-08,-8.85e-05,-0.000113442,1.0317352820005536e-08,-8.38e-07,-0.00019323,0.015197706,3.1,0,0.993066715,245.981098,53.403486,snia-cosmo,norm,1.0,1.0,2019cnb,100.0,,,,,,,,,,,,,,,,,
1169,ZTF19aanxosu,0.06603362,1.025e-05,z_gal,58590.21470693565,0.000780749,0.6904224231515039,0.099842064,0.048830941,2.3145254333940108e-05,0.066512173,0.02661322,2.8115359094479818e-08,0.000121626,-2.09e-05,-1.34e-08,-5.33e-07,-0.00015018,0.0175543,3.1,0,2.671199980710284e-13,238.993317,36.706662,snia,,1.0,0.0,2019dat,99.61389961389962,,,,,,,,,,,,,,,,,
1178,ZTF19aaoikti,0.07867961,1.494e-05,z_gal,58588.15776871595,0.000753981,0.5016108933161058,-0.103223365,0.095348302,2.292221512452126e-05,0.1292486273938775,0.028054015,2.390991013074768e-07,-0.002935737,-0.000235394,-5.64e-07,-5.4e-07,0.000198704,0.014082406,3.1,0,0.7366962572405029,180.75244,38.27412,snia-cosmo,norm,1.0,1.0,2019cyy,100.0,,,,,,,,,,,,,,,,,
1184,ZTF19aaozplq,0.09757121,0.00432782,z_snid,58592.536994743394,0.000520292,0.6337780883178351,-0.086239178,0.087200095,1.6084562624009045e-05,0.1260647618365537,0.030190907,7.799048754730976e-09,0.002398506,-6.28e-05,-3.76e-07,-4.04e-07,0.000151158,0.005680353,3.1,0,0.999636735,208.550212,41.975639,snia-cosmo,norm,1.0,1.0,2019dee,100.0,,,,,,,,,,,,,,,,,
1185,ZTF19aapapdb,0.13194005,0.00042006,z_nonSEDm,58587.678292212055,0.000193801,0.3149770466099527,0.048456121,0.2652558154222788,7.190454938692245e-06,0.3201863075982566,0.038188323,1.930862477193349e-07,-0.021140002,-0.000249093,-8.48e-07,-2.12e-07,0.000548142,0.010593369,3.1,0,0.602238158,244.796163,57.98001,snia,,1.0,1.0,,100.0,,,,,,,,,,,,,,,,,
1194,ZTF19aapdkza,0.07868756,0.00306635,z_snid,58593.92774604952,0.000631482,2.908628301324649,0.1712991386033052,0.5059865676994377,5.832469524754672e-05,0.9218789575979832,0.070215036,-3.39e-06,0.1728069163584682,0.001599051,-4.34e-05,-3.74e-06,0.042239996,0.075928326,3.1,0,0.3794360653199927,155.820317,-13.879423,snia-cosmo,norm,1.0,1.0,2019dfl,100.0,,,,,,,,,,,,,,,,,
1195,ZTF19aapeime,0.02793864,1.025e-05,z_gal,58588.75538347445,0.000378301,0.067744066,1.0378650413521384,0.098992004,1.344666368017407e-05,0.1737028819603732,0.029939015,1.3763572891768078e-07,0.000897038,-0.000257806,-4.7e-07,-3.62e-07,0.000752242,0.053778783,3.1,0,0.012782009,188.459015,77.712307,snia-cosmo,norm,1.0,0.0,2019cxs,100.0,,,,,,,,,,,,,,,,,
1199,ZTF19aapgbri,0.194,0.001,z_unknown,58592.05954226541,0.000115013,-0.994669667,0.047078919,0.2729767539676686,5.095412421450118e-06,0.2909337977447709,0.04968612,3.201603472253048e-07,0.007774317,-0.004542849,-6.39e-07,-1.86e-07,0.001034433,0.039031959,3.1,0,2.0666033277593834e-06,275.504006,55.964484,snia,,1.0,1.0,,100.0,,,,,,,,,,,,,,,,,
1221,ZTF19aaqeisc,0.14830696,1.139e-05,z_gal,58594.96201643661,0.000180547,-0.56730965,-0.096038021,0.112608296,5.96574124641409e-06,0.1278700683870078,0.035617143,-6.03e-08,0.004419705,6.636282120559198e-07,-1.68e-07,-1.72e-07,4.681483292413621e-05,0.015747342,3.1,0,0.000216095,223.401262,30.922756,snia-cosmo,norm,1.0,1.0,,100.0,,,,,,,,,,,,,,,,,
1258,ZTF19aasmkhn,0.08427013,0.00147346,z_SEDm,58612.92825,0.000600415,0.1690998823659875,-0.015912399,0.2852512030185608,2.3346331300147787e-05,0.2404483779374499,0.033749025,-3.51e-07,-0.013086504,-0.000549448,-1.1e-06,-7.02e-07,0.000423853,0.099635137,3.1,0,0.7209043781559213,259.512186,14.755202,snia-cosmo,norm,1.0,1.0,2019eqh,100.0,,,,,,,,,,,,,,,,,
1276,ZTF19aatvkrn,0.04808974,0.00308707,z_snid,58613.64373211606,0.001108078,-2.079253183,-0.07815241,0.2236801206272503,4.7512572709528336e-05,0.2103753866870249,0.04882568,1.03745156391079e-06,-0.008647282,-0.000794057,-2.81e-06,-1.58e-06,-0.001625239,0.096853908,3.1,0,0.4215458221617325,307.420513,2.385396,snia-cosmo,norm/04gs,1.0,1.0,2019ell,100.0,,,,,,,,,,,,,,,,,
1286,ZTF19aauhbua,0.07934514,1.56e-05,z_gal,58618.644358094585,6.911930338290841e-05,-1.586632095,0.6750592597285174,0.4706364968988055,1.1270041157454322e-05,0.7935384184071262,0.1197241023549797,1.2641731017164286e-07,0.095691842,-0.000261314,-5.9e-06,-1.26e-06,0.048555069,0.01694537,3.1,0,0.7709731920136326,169.648249,19.680931,snia,,1.0,0.0,,100.0,,,,,,,,,,,,,,,,,
1321,ZTF19aavmnpb,0.14449875,0.00436606,z_snid,58630.77683730281,0.0001078,-0.621889405,0.1316764214539161,0.4976715112716192,5.0320760834841465e-06,0.3103803572335865,0.042024527,-1.1e-06,-0.075969425,0.005019352,-2.1e-07,-1.78e-07,0.000786271,0.051871231,3.1,0,0.1608218780432106,279.978508,40.133227,snia-cosmo,norm,1.0,1.0,,100.0,,,,,,,,,,,,,,,,,
1322,ZTF19aavnwoh,0.1173254,0.00344093,z_snid,58638.506944173656,0.000269252,-0.154759222,-0.043153537,0.3102280135935871,9.913657004499565e-06,0.4298526839445816,0.038300656,6.101654333050193e-07,0.004448165,-0.00044558,-1.49e-06,-2.73e-07,0.000389843,0.017189089,3.1,0,0.1891737931050143,169.846947,39.384376,snia-cosmo,norm,1.0,1.0,,100.0,,,,,,,,,,,,,,,,,
1357,ZTF19aawhhkn,0.1161109,2.797e-05,z_gal,58643.52945,0.000243435,-2.051765287,0.029528451,0.083296114,7.569779439052277e-06,0.1164481978540461,0.030560548,3.1553806600586035e-08,0.001600419,-5.47e-05,-1.11e-07,-1.96e-07,0.00012497,0.012789933,3.1,0,0.000449675,253.044661,43.190081,snia-cosmo,norm,1.0,1.0,,100.0,,,,,,,,,,,,,,,,,
1372,ZTF19aawyepw,0.06017847,1.051e-05,z_gal,58650.0,0.000272642,0.2984287516844883,0.5886220184302697,0.002350081,9.261945043319632e-06,0.1160978127697266,0.029262565,-1.01e-17,2.8594471180613257e-13,1.2436853585243904e-14,-2.62e-07,-2.4e-07,0.000441931,0.016945222,3.1,0,4.628320043231201e-36,244.805053,34.16525,snia-cosmo,norm,1.0,0.0,2019hax,98.77300613496932,,,,,,,,,,,,,,,,,
1383,ZTF19aaxpjpq,0.07285822,1.011e-05,z_gal,58651.38237218215,0.000606186,-0.310788595,0.012350274,0.1979788931275834,2.847568766750744e-05,0.3865403135266355,0.040766405,-1.08e-06,0.014210737,0.001412309,-6.48e-06,-9.85e-07,0.005891963,0.007054483,3.1,0,0.1790353775541251,152.142839,55.516245,snia,,1.0,1.0,2019gyz,100.0,,,,,,,,,,,,,,,,,
1416,ZTF19aazdirb,0.08838198,4.177e-05,z_gal,58654.71423924986,0.000678026,1.1929175985383815,-0.141591216,0.3253768743306864,3.054913666436873e-05,0.323291263,0.040545483,1.2401144950281932e-06,-0.019433045,-0.00372964,-5.13e-06,-9.08e-07,0.00147669,0.024630755,3.1,0,0.6116759070354258,351.798926,-10.070364,snia,,1.0,1.0,2019ifp,100.0,,,,,,,,,,,,,,,,,
1427,ZTF19aazppeu,0.03741922,0.0001338,z_gal,58624.78559004222,0.001194983,0.095586398,-0.399999973,6.955792719731107,0.000127876,1.995227382046718,1.5716891144828424,-0.000885311,-15.94834113,5.978366635334219e-07,0.000196649,4.4295859953169486e-09,-1.46e-07,0.154146011,3.1,0,0.6002962199050587,41.361303,45.971974,snia,,0.0,0.0,,100.0,,,,,,,,,,,,,,,,,
1453,ZTF19abanlgl,0.1099607,0.00042007,z_nonSEDm,58666.00596053296,0.000252868,-0.880496003,0.1373699910542774,0.9527202697572648,1.7616011096801675e-05,1.7105224856822212,0.07530631,-7.5e-06,1.4425375336743598,-0.019733244,-1.95e-05,-4.24e-07,-0.030981967,0.04284784,3.1,0,0.9986314009819868,201.515917,-9.571833,snia,,1.0,0.0,,100.0,,,,,,,,,,,,,,,,,
1468,ZTF19abcgdoz,0.15351861,1.38e-05,z_gal,58672.36075531322,0.000168047,1.2531113111721257,-0.052754317,0.5186587241041707,9.666114729594869e-06,0.5922934754748269,0.054160554,1.904942725451753e-07,0.074012111,-0.002449643,-3.55e-06,-4.08e-07,0.011036134,0.024663689,3.1,0,0.466443005,220.077192,26.334722,snia-cosmo,norm,1.0,1.0,,100.0,,,,,,,,,,,,,,,,,
1469,ZTF19abciuew,0.17649019,0.00294109,z_snid,58667.71225248043,8.845366777486262e-05,-0.456269883,0.083264879,0.262342804,3.401084691662988e-06,0.2917940412316123,0.042165394,-3.67e-08,0.001640973,0.000408091,-3.62e-07,-1.07e-07,0.000509262,0.032977402,3.1,0,0.258216574,275.614188,51.099272,snia-cosmo,norm,1.0,1.0,,100.0,,,,,,,,,,,,,,,,,
1471,ZTF19abcndvf,0.04867137,1.279e-05,z_gal,58674.10866657938,0.001195679,-1.039089337,0.1640030521106754,0.1422820844127272,4.321278432499064e-05,0.2250802972339283,0.033803891,-1.01e-06,-0.002699832,0.000619343,-2.96e-06,-1.25e-06,0.001446949,0.020637403,3.1,0,0.6430892124993959,189.274308,41.691962,snia-cosmo,norm,1.0,1.0,2019jwp,100.0,,,,,,,,,,,,,,,,,
1476,ZTF19abcunya,0.07877158,1.798e-05,z_gal,58675.16324034181,0.000334924,-3.661843423,0.056789707,0.2402939349485677,1.6487554301541305e-05,0.428905631,0.04715818,-5.34e-09,0.036768826,-7.39e-05,-2.1e-06,-6.22e-07,0.002937165,0.016877804,3.1,0,0.8631332681180381,215.138195,25.342748,snia-cosmo,norm,1.0,0.0,2019kvn,100.0,,,,,,,,,,,,,,,,,
1478,ZTF19abcvrpm,0.09772328,0.00347023,z_snid,58680.14603235848,0.000467044,0.7497354990340572,-0.074224694,0.059217592,1.36960657422507e-05,0.08112545,0.027203736,4.376436760026275e-08,0.001334918,-8.62e-05,-8.31e-08,-3.17e-07,-5.04e-05,0.009774904,3.1,0,0.2439850074851232,247.505392,36.964699,snia-cosmo,norm,1.0,1.0,2019kvl,100.0,,,,,,,,,,,,,,,,,
1483,ZTF19abdehcz,0.11562526,0.00043015,z_nonSEDm,58674.22567431412,0.000498335,-3.951985126,-0.27202421,1.6892492258630227,5.078394354862733e-05,5.044299813522937,0.1096071129208242,-6.87e-05,5.927791893140523,0.1365359017015004,-0.000158144,-4.71e-06,0.2717303521937415,0.016529139,3.1,0,0.4220873278557194,184.818305,4.976171,snia-cosmo,norm,0.0,0.0,2019ldl,100.0,,,,,,,,,,,,,,,,,
1485,ZTF19abdjsss,0.09188948,0.00042032,z_nonSEDm,58673.97006770268,0.000673976,0.8787816577925255,-0.112961595,0.3884434289720957,3.0239709202798152e-05,0.3674686114061569,0.04052285,5.546608826221804e-06,-0.105654113,-0.005736894,-6.82e-06,-1.04e-06,0.006177436,0.02183916,3.1,0,0.3043167929862824,329.953998,-27.151268,snia-cosmo,norm,1.0,1.0,2019kgw,100.0,,,,,,,,,,,,,,,,,
1489,ZTF19abdkcts,0.02678112,0.00283593,z_snid,58629.99999175247,0.006292388,-0.936238881,0.001518102,18.068703977700352,0.001109117,1.2593369554178286,0.1121250839222457,3.367001160343605e-07,0.000254657,-1.51e-05,-0.001339463,8.416502904090464e-05,-0.122994215,0.019308984,3.1,0,0.0,12.279282,-13.767353,snia,,0.0,0.0,2019hgv,100.0,,,,,,,,,,,,,,,,,
1494,ZTF19abdkfqe,0.02754906,1.667e-05,z_gal,58628.42329337018,0.006317822,-0.590831994,-0.001285471,18.272263969545747,0.002762009,2.7522900502855183,0.2358222191090908,-0.030265726,-18.88637654,-1.109678954,-0.003677127,0.000529879,-0.517322955,0.066018157,3.1,0,0.0,31.483337,18.445011,snia,,0.0,0.0,2019hzv,100.0,,,,,,,,,,,,,,,,,
1497,ZTF19abdlqbu,0.12718377,1.595e-05,z_gal,58676.54471867203,0.000398739,-0.074565682,-0.143030457,0.1984368012235791,1.5201338292316176e-05,0.2720495348007957,0.042019349,-9.02e-07,0.032263814,0.001922567,-1.98e-06,-4.86e-07,0.003182063,0.010949613,3.1,0,0.8379282921270257,194.953925,41.271341,snia-cosmo,norm,1.0,1.0,,100.0,,,,,,,,,,,,,,,,,
1500,ZTF19abdogun,0.17690657,0.0035,z_snid,58675.42924484195,0.000125369,0.3865877603441254,-0.068502538,0.1957269391714362,4.429801592684029e-06,0.2270130652372124,0.039524689,1.2262090996107464e-08,0.005961871,-0.00067904,-3.49e-07,-1.29e-07,0.00046018,0.055251785,3.1,0,0.056533549,273.76359,49.955813,snia-cosmo,norm,1.0,1.0,,100.0,,,,,,,,,,,,,,,,,
1503,ZTF19abdqapq,0.10975614,1.181e-05,z_gal,58680.69233194284,0.000421771,1.3919620641502963,-0.081596578,0.1583193715232482,1.3945801671701453e-05,0.1852037364925095,0.032811607,2.695803127212694e-07,-0.00956832,-0.000462047,-7.72e-07,-3.57e-07,-2.12e-05,0.047266342,3.1,0,1.8821125749900006e-60,340.739706,29.606441,snia-cosmo,norm,1.0,0.0,,95.27027027027027,,,,,,,,,,,,,,,,,
1521,ZTF19abeytzv,0.06584227,1.003e-05,z_gal,58687.03589913126,0.001063455,0.1325434227638174,0.055343691,0.099729757,3.399179454015538e-05,0.099417277,0.028034572,-4.54e-07,-0.001224655,0.000232721,-6.15e-07,-8.28e-07,0.000185185,0.059157703,3.1,0,7.41222939321505e-10,342.770195,5.429509,snia-cosmo,norm,1.0,0.0,2019lfh,100.0,,,,,,,,,,,,,,,,,
1550,ZTF19abgnuri,0.06871836,0.00425206,z_snid,58691.53250684993,0.000674568,-0.750785084,0.110014713,0.095984266,2.141379105345643e-05,0.095524605,0.028357902,-1.22e-07,-0.000855128,0.000100297,-2.94e-07,-5.18e-07,-3.53e-05,0.02157378,3.1,0,0.2050802617334047,247.231539,70.033035,snia-cosmo,norm,1.0,1.0,2019lkt,100.0,,,,,,,,,,,,,,,,,
1556,ZTF19abgrxlp,0.13636103,1.129e-05,z_gal,58689.01046,0.000261123,1.3246937374702932,-0.003804909,0.5375218195877096,1.1120236067399503e-05,0.5189845058169784,0.042403768,-9.93e-07,-0.068797191,0.000672143,-2.5e-06,-3.23e-07,0.003461681,0.065480114,3.1,0,0.4106264438636572,249.902914,10.077713,snia,,1.0,1.0,2019lrr,100.0,,,,,,,,,,,,,,,,,
1583,ZTF19abipmfl,0.07295247,0.00325,z_snid,58700.157184151205,0.000354005,0.2562831805557553,0.3570603727076155,0.2907573633528955,1.5774282644694516e-05,0.443888001,0.037658662,1.7601847981728277e-07,0.073166525,-2.48e-05,-2.43e-06,-5.04e-07,0.003401661,0.054765048,3.1,0,0.08476979,342.07131,-2.818667,snia-cosmo,norm,1.0,1.0,2019mav,100.0,,,,,,,,,,,,,,,,,
1588,ZTF19abixauz,0.09356066,0.00042146,z_nonSEDm,58702.77214015466,0.000510686,0.7856582575193299,0.028284458,0.2074714790360303,1.7919701849936217e-05,0.2942562724089121,0.034579243,-1.91e-07,0.031747242,0.000719014,-1.5e-06,-5.01e-07,0.001103865,0.085099195,3.1,0,0.5078640908346432,308.106071,0.63716,snia-cosmo,norm,1.0,1.0,2019mcb,100.0,,,,,,,,,,,,,,,,,
1591,ZTF19abjamgc,0.07359754,0.00626099,z_snid,58704.050362269394,0.000725202,0.3182742660080945,-0.003845215,0.1498084817867493,2.8923099412009963e-05,0.2143893351731376,0.035447091,3.157319754179178e-07,0.011711149,8.848672086118161e-05,-2.73e-06,-8.06e-07,0.001392821,0.018589357,3.1,0,0.8589790752721798,4.666553,-15.801927,snia-cosmo,norm,1.0,1.0,2019mbe,100.0,,,,,,,,,,,,,,,,,
1601,ZTF19abjpeli,0.16939327,0.0032249,z_snid,58697.21093,0.000201295,-0.165771836,0.004598666,0.7593379241407092,9.016772479843771e-06,0.817760596,0.053053251,1.81940285232223e-06,-0.357946809,0.008032527,-3.83e-06,-2.12e-07,-0.008188133,0.021035423,3.1,0,0.1739651525220035,0.046989,-22.111585,snia,,1.0,1.0,2019mtf,100.0,,,,,,,,,,,,,,,,,
1610,ZTF19abkcsmm,0.02747209,0.00286356,z_snid,58275.66866,0.009197616,-4.765003113,-0.399897261,7.834512581535819,0.007091375,5.5100716914003325,0.989177417,-0.056843002,-12.50913861,58.379844499975285,0.010822456,-0.050508049,-11.11505054,0.032325968,3.1,0,0.0,354.290413,26.259604,snia,,0.0,0.0,2018cgf,100.0,,,,,,,,,,,,,,,,,
1612,ZTF19abkdehm,0.078459,0.00375366,z_snid,58706.10689524416,0.000652595,1.2675336565573874,-0.020701541,0.086675995,2.035636199695381e-05,0.1035185026763823,0.02800146,1.440155480037088e-07,-0.001454006,-0.000153386,-5.15e-07,-4.75e-07,0.000102336,0.029693852,3.1,0,0.4155564221044287,359.533185,17.76773,snia-cosmo,norm,1.0,1.0,2019mbn,100.0,,,,,,,,,,,,,,,,,
1614,ZTF19abkdsce,0.10299704,0.0004228,z_nonSEDm,58699.382953744025,0.000336254,-2.84060134,-0.39972314,0.4116985445216414,2.3842771953741615e-05,0.9755426981855404,1.4792079273599583,-8.34e-07,0.2180003101506461,0.000285184,-6.39e-06,-9.88e-07,-0.000570678,0.026656541,3.1,0,0.7661280271756239,13.12011,-11.66084,snia-cosmo,norm,0.0,0.0,,100.0,,,,,,,,,,,,,,,,,
1618,ZTF19ablekwo,0.087964,0.00371768,z_SEDm,58709.72707766833,0.000602382,0.741653345,0.019793695,0.077948615,1.8263674080885265e-05,0.09389104,0.027991916,1.257544868183177e-07,-0.001661739,-0.000184941,-2.06e-07,-4.33e-07,-2.48e-05,0.091560018,3.1,0,0.079345515,3.839012,46.735732,snia-cosmo,norm,1.0,1.0,2019mse,97.58064516129032,,,,,,,,,,,,,,,,,
1619,ZTF19ablfaey,0.07804817,0.00368782,z_snid,58709.54692,0.000781981,0.9534401569583318,0.009204566,0.2492611377820139,3.414898204455891e-05,0.2692367502896651,0.037868265,4.053947823105082e-07,-0.013437272,-0.000907635,-4.02e-06,-1.1e-06,0.002039839,0.023835533,3.1,0,0.8355783003770326,353.397396,-15.647175,snia-cosmo,norm,1.0,1.0,2019mon,100.0,,,,,,,,,,,,,,,,,
1629,ZTF19ablusdf,0.05797344,0.00016375,z_gal,58707.76642649798,0.000429176,-2.740463216,0.2769452325977262,0.083534375,1.415442723010939e-05,0.094211922,0.029706248,1.285954521892076e-07,0.001231006,-0.000140667,-1.17e-07,-3.68e-07,0.000147721,0.085300569,3.1,0,0.1155656924509068,288.784321,42.062023,snia,91bg/86G,1.0,1.0,2019njx,100.0,,,,,,,,,,,,,,,,,
1641,ZTF19abnkrcd,0.06547121,0.00353023,z_snid,58712.68314344656,0.000793281,0.1464037970752084,0.066321684,0.085170806,2.4569339160121267e-05,0.1114705278965793,0.028283794,-2.47e-09,-0.000175688,-3.78e-05,-5.08e-07,-5.81e-07,0.000146118,0.085250395,3.1,0,0.05202399,267.023252,15.708048,snia-cosmo,norm,1.0,1.0,2019mym,100.0,,,,,,,,,,,,,,,,,
1643,ZTF19abnmnrz,0.1078739,0.00302696,z_snid,58710.11041415163,0.000291711,0.3839671483980709,0.032343058,0.080461302,9.059755100683054e-06,0.1020933819397044,0.030123094,4.0359075735076624e-08,0.001141534,-0.000249877,-1.34e-07,-2.31e-07,-4.63e-06,0.055818529,3.1,0,1.6991266365817491e-09,264.455536,57.780434,snia,,1.0,0.0,2019nql,100.0,,,,,,,,,,,,,,,,,
1655,ZTF19aboudfp,0.08336672,1.634e-05,z_gal,58713.91597432989,0.000373365,-1.495894366,0.1169633180977371,0.093177145,1.27516364077109e-05,0.1390342426939512,0.030643436,-8.97e-08,0.001818905,0.000232084,-5.73e-07,-3.35e-07,0.000806081,0.034803782,3.1,0,0.8935776777839807,8.388406,21.785646,snia-cosmo,norm,1.0,1.0,2019nwl,100.0,,,,,,,,,,,,,,,,,
1660,ZTF19abpavsn,0.0551203,0.00347023,z_snid,58696.25582,0.00111073,-0.310009746,0.09899202,0.9222018814543844,9.239062552742555e-05,0.2115493496778659,0.049461363,-6.91e-05,-0.09486287,0.026233889,3.0091161023970885e-06,-3.93e-06,-0.002109932,0.058692068,3.1,0,0.623654848,64.543565,-4.411282,snia-cosmo,norm,0.0,1.0,2019mda,100.0,,,,,,,,,,,,,,,,,
1672,ZTF19abptrnn,0.04763295,0.00020705,z_gal,58721.96594284888,0.000413513,0.8845394322387224,0.523376696,0.5723462113492133,1.718999853532772e-05,0.3293386112621188,0.043810746,-3.74e-06,-0.093700102,0.006604368,7.028254276164456e-07,-5.69e-07,-0.006573833,0.1604838688801786,3.1,0,0.8603966000884538,41.071964,26.112787,snia-cosmo,norm,0.0,1.0,,100.0,,,,,,,,,,,,,,,,,
1673,ZTF19abpveqn,0.05312208,0.00295677,z_snid,58715.62409238709,0.001170676,0.3248015264851516,0.1181421579514192,0.299392598,5.316652842015507e-05,0.3286990955208722,0.037451028,-3.65e-06,0.000250289,-0.000977284,-5.91e-06,-1.65e-06,0.001276731,0.3234511708783413,3.1,0,0.042890215,273.371472,2.461571,snia-cosmo,norm,1.0,1.0,2019ntb,100.0,,,,,,,,,,,,,,,,,
1675,ZTF19abpxttd,0.07636281,0.00344093,z_snid,58723.14457652877,0.000818637,0.6647126129298084,-0.055291494,0.17022571,2.841081986870177e-05,0.2387372844779092,0.033146393,2.056996959717108e-07,-0.00043721,-0.000212002,-2.35e-06,-8.05e-07,0.002071489,0.092989304,3.1,0,0.8995946337748228,272.688135,11.088819,snia-cosmo,norm,1.0,1.0,2019olx,100.0,,,,,,,,,,,,,,,,,
1677,ZTF19abpypvc,0.08750058,0.00375366,z_snid,58723.20015531978,0.000598907,0.3038160493602806,-0.039436466,0.2675350795761915,2.5328073466078407e-05,0.3947105032816943,0.039738048,-2.17e-06,0.030096311,0.002911934,-4.67e-06,-8.34e-07,0.003922375,0.084903277,3.1,0,0.5487587174837718,273.981087,27.608468,snia,,1.0,1.0,2019oly,100.0,,,,,,,,,,,,,,,,,
1684,ZTF19abqgxpt,0.03508427,0.00015044,z_gal,58685.93966679224,0.005977219,-0.656900014,-0.04061785,1.819914851366775,0.000776283,0.4998739677832111,0.065542637,-0.000595285,-0.09735414,-0.044429565,-0.000260581,-1.35e-05,-0.001293702,0.2924656852746035,3.1,0,0.8624688264394313,81.748963,-3.90194,snia,,0.0,0.0,2019msc,100.0,,,,,,,,,,,,,,,,,
1708,ZTF19abqxzok,0.02005387,1.414e-05,z_gal,58715.076028767326,0.00018983,3.3344505593890794,0.3335737088947258,1.461093195681315,2.1114729936054744e-05,0.7233987001656774,0.07574164,-1.52e-05,-0.034832968,0.015243953,-3.98e-06,-1.33e-06,-0.000546644,0.2288310771252216,3.1,0,0.017754483,54.575341,41.294268,snia,,0.0,0.0,,100.0,,,,,,,,,,,,,,,,,
1715,ZTF19abrdliq,0.15387286,0.00300832,z_snid,58723.49321158795,0.000187978,1.4611388308322448,-0.032104459,0.7353137427526235,7.615038459366768e-06,0.5224043457382652,0.048463122,-1.5e-06,-0.09121122,0.0098782,-1.06e-06,-2.15e-07,-0.004391151,0.014267167,3.1,0,0.8966403911877062,4.786999,4.981952,snia,,1.0,1.0,2019oyg,100.0,,,,,,,,,,,,,,,,,
1727,ZTF19abtnftd,0.08174678,0.00332866,z_snid,58733.857063219184,0.000568014,-0.364058539,-0.021069229,0.071973661,1.730165636508452e-05,0.087421895,0.028067705,8.319905616283575e-08,0.002853946,-0.000188265,-1.47e-07,-4.14e-07,-1.1e-05,0.086515317,3.1,0,0.8744963349791585,291.750435,47.934847,snia-cosmo,norm,1.0,1.0,2019ozu,100.0,,,,,,,,,,,,,,,,,
1736,ZTF19abubagk,0.10838219,0.00300832,z_snid,58735.04529161868,0.000403413,0.058370682,-0.101859356,0.3459123488137265,1.862395169217949e-05,0.3780309098723738,0.044650661,6.146829150261013e-07,0.031674769,-0.002888662,-3.1e-06,-6.22e-07,0.002990224,0.1210639400507918,3.1,0,0.327254989,338.812464,7.007936,snia,,1.0,1.0,2019pka,100.0,,,,,,,,,,,,,,,,,
1749,ZTF19abuzpmr,0.06518226,1.794e-05,z_gal,58736.02006942548,0.000684399,-1.803225748,0.046995436,0.1773969274217961,2.7064756152155468e-05,0.1576021421704772,0.037397267,-4.95e-07,0.000394412,9.925891968241664e-05,-1.34e-06,-8.34e-07,0.000765418,0.064233286,3.1,0,0.022172296,110.157173,52.773275,snia-cosmo,norm,1.0,1.0,2019pmo,100.0,,,,,,,,,,,,,,,,,
1761,ZTF19abwsbhn,0.0780578,0.00042045,z_nonSEDm,58739.69775179848,0.000827685,1.1556379689859098,-0.06927947,0.3098552724659384,3.514888764513132e-05,0.3413420013830922,0.038493222,2.849988355540122e-07,-0.043457463,0.001217329,-5.35e-06,-1.09e-06,0.001780248,0.2915844292723668,3.1,0,0.6330474505927568,73.608696,10.113878,snia-cosmo,norm,1.0,1.0,2019psk,100.0,,,,,,,,,,,,,,,,,
1766,ZTF19abwsxug,0.08211893,1.083e-05,z_gal,58742.09529489418,0.000406541,-0.344050758,0.1620386454052498,0.1284037804762192,1.483232222592972e-05,0.1829942862149444,0.03206828,2.173335466027981e-07,-0.002671845,-0.000540249,-1.15e-06,-4.14e-07,0.001794176,0.059148136,3.1,0,0.001349008,31.511922,30.607578,snia,,1.0,1.0,2019pyd,99.09909909909908,,,,,,,,,,,,,,,,,
1790,ZTF19abyfbqn,0.10843738,4.166e-05,z_gal,58744.65020588414,0.00036825,-1.440780568,-0.101532206,0.2238714952145528,1.2222758309534515e-05,0.328180338,0.038272644,9.243976367752957e-08,0.044325865,-0.000332987,-6.61e-07,-3.18e-07,5.046996958756184e-05,0.033788878,3.1,0,0.042097587,261.5239,27.29419,snia,,1.0,1.0,,100.0,,,,,,,,,,,,,,,,,
1795,ZTF19abyirjl,0.10904248,0.0029904,z_snid,58746.84665930322,0.000349856,-0.38692388,-0.073713171,0.1367006479304109,1.2249424343545312e-05,0.1574955605810967,0.033021842,-7.8e-08,0.001520794,-5.75e-05,-6.56e-07,-3.39e-07,0.000913545,0.045003907,3.1,0,0.001578084,30.471085,30.733582,snia-cosmo,norm,1.0,1.0,2019pxe,98.4,,,,,,,,,,,,,,,,,
1806,ZTF19abywmqw,0.03945396,9.393e-05,z_gal,58742.771837467735,0.000405266,-0.928809344,0.5782771590540251,0.4341746121172036,2.727442863065572e-05,0.3703224299278943,0.055887411,-3.47e-06,-0.019410721,0.00278795,-4.63e-06,-1.32e-06,0.006784571,0.083205368,3.1,0,0.999842047,96.103584,53.925287,snia-cosmo,norm,1.0,1.0,2019qxs,100.0,,,,,,,,,,,,,,,,,
1815,ZTF19abzkyjy,0.11327023,1.321e-05,z_gal,58751.15838389866,0.000465521,0.6983406308653898,-0.167532331,0.4450789777874888,1.7179387782958176e-05,0.4636961199009985,0.040690071,1.2737042988340478e-06,-0.111669738,0.00253945,-2.68e-06,-4.38e-07,-0.004218974,0.027896393,3.1,0,0.2447530477733471,24.027678,-7.757089,snia,,1.0,1.0,2019qhm,100.0,,,,,,,,,,,,,,,,,
1830,ZTF19abzulhk,0.05013841,0.00295677,z_snid,58761.298756699616,0.000951788,-0.339016655,0.1499261340947836,0.099528905,3.009839409185008e-05,0.086195757,0.029666275,-4.05e-08,-0.001930796,-2.16e-05,-1.14e-07,-7.68e-07,-0.000106626,0.1137974100517155,3.1,0,0.1049586926911938,354.725359,38.194111,snia-cosmo,norm,1.0,1.0,2019qwi,100.0,,,,,,,,,,,,,,,,,
1831,ZTF19abzutid,0.12241966,0.00341211,z_snid,58759.58437992975,0.000296013,0.1778807596987244,-0.044084202,0.218789034,1.076231229787822e-05,0.2647734388215496,0.03751402,-9.67e-08,0.034271444,-0.000168906,-7.21e-07,-3.3e-07,0.000383265,0.070856922,3.1,0,0.4719585405219723,345.572583,15.941,snia-cosmo,norm,1.0,1.0,,100.0,,,,,,,,,,,,,,,,,
1835,ZTF19abzysvw,0.1746197,0.00300832,z_snid,58750.50649912272,0.000140762,0.5800441613347566,-0.103584996,0.4615199645195389,6.043548777835887e-06,0.4047863599424651,0.045797393,-3.11e-07,-0.040110186,0.002154919,-1.08e-06,-1.93e-07,0.002554654,0.060613592,3.1,0,0.8613852180633195,35.912542,42.885972,snia-cosmo,norm,1.0,1.0,,100.0,,,,,,,,,,,,,,,,,
1837,ZTF19abzzgec,0.07645205,2.347e-05,z_gal,58756.54042147009,0.000585969,0.011553422,0.054209349,0.177807327,2.0285565296083852e-05,0.233435528,0.03340496,-4.22e-07,0.0066342,0.000440701,-8.62e-07,-5.57e-07,-0.000329704,0.035497175,3.1,0,0.089578998,71.861757,-4.014044,snia-cosmo,norm,1.0,1.0,2019qpn,100.0,,,,,,,,,,,,,,,,,
1839,ZTF19acaiylt,0.06665703,0.00317648,z_snid,58759.00895792167,0.000761438,0.8012485275935591,0.05279826,0.1622071966376097,2.4443124916111983e-05,0.1345895833807496,0.03143783,4.584973892543976e-08,-0.003493841,-0.00022545,-3.16e-07,-6.32e-07,-0.000421395,0.044173868,3.1,0,0.9873386716931496,121.726489,39.006681,snia-cosmo,norm,1.0,1.0,2019qpr,100.0,,,,,,,,,,,,,,,,,
1851,ZTF19acazpyz,0.03819875,1.165e-05,z_gal,58756.30382019583,0.000104138,-5.0,0.6745503280768601,0.2832770448476367,8.542792146413752e-06,0.7031030494351453,0.069704302,-3.67e-07,9.283833433600292e-11,0.002507901,-1.68e-15,-5.39e-07,5.771757556581149e-12,0.028325743,3.1,0,0.003219595,30.446683,-1.340978,snia-pec,91bg,1.0,0.0,,100.0,,,,,,,,,,,,,,,,,
1857,ZTF19acbjqcf,0.14486443,3.695e-05,z_gal,58763.461882462936,0.000283569,0.4470205264093265,-0.096266211,0.2765066945976286,1.0841424709267495e-05,0.2879612378118569,0.038495657,2.2474750599766097e-07,-0.01071312,-0.000306067,-1.25e-06,-3.34e-07,0.001748302,0.058227153,3.1,0,0.080333908,354.206829,12.847274,snia,,1.0,1.0,,100.0,,,,,,,,,,,,,,,,,
1866,ZTF19acbmjrp,0.07516533,0.00015044,z_gal,58770.09626335414,0.000706612,1.027289785435885,0.1279874861617092,0.3043002886952308,3.2326829503773235e-05,0.2870396863176694,0.040274351,-1.87e-06,-0.026448562,0.003008381,-3.36e-06,-1.14e-06,0.001812505,0.088711818,3.1,0,0.004475342,64.569872,-0.131125,snia-cosmo,norm,1.0,1.0,2019rnm,100.0,,,,,,,,,,,,,,,,,
1869,ZTF19acbmxxh,0.07864683,0.00480104,z_snid,58764.112790508894,0.000471693,-1.238090958,0.002157709,0.1990698495465039,1.752324876074177e-05,0.2780641269021962,0.036317535,5.567210394926862e-07,-0.000308924,-0.000997372,-1.21e-06,-5.05e-07,-8.56e-05,0.040519659,3.1,0,0.1183630926724397,128.361894,30.804074,snia,,1.0,1.0,2019rmb,100.0,,,,,,,,,,,,,,,,,
1875,ZTF19acbpzir,0.05514173,0.00666652,z_snid,58768.18201,0.001317035,-0.871334758,0.024660293,0.05970743,4.139941653848189e-05,0.087392231,0.028382398,5.7295533587125545e-08,0.001175996,-3.88e-05,-6.05e-07,-1.02e-06,0.000187213,0.069870508,3.1,0,0.008200715,282.624382,80.18649,snia-cosmo,norm,1.0,1.0,2019rqb,100.0,,,,,,,,,,,,,,,,,
1892,ZTF19acbvrli,0.08440363,0.00308707,z_snid,58364.05026971907,0.000618517,1.559009141474974,0.017228231,1.951891616154171,0.000338883,2.2223872905830686,0.3670790300193919,-0.000366665,1.169142706118225,0.3608443107011091,-0.000586851,-0.000129247,0.6144521178956609,0.028088945,3.1,0,0.4483582947383797,80.188323,-23.067978,snia-cosmo,norm,0.0,0.0,2018fqc,100.0,,,,,,,,,,,,,,,,,
1896,ZTF19acbwjue,0.0732404,0.00368782,z_snid,58767.15247120071,0.000485395,-1.248209368,0.132881869,0.3543210985517362,5.096735334506061e-05,0.9818094210835204,0.083890541,-1.13e-05,0.2496094680425584,0.0176364,-4.4e-05,-4.08e-06,0.067443253,0.015321497,3.1,0,0.2827064090617772,232.933664,61.833139,snia-cosmo,norm,1.0,1.0,2019rrc,100.0,,,,,,,,,,,,,,,,,
1907,ZTF19acclupd,0.03162072,1.044e-05,z_gal,58771.61630699911,0.006950031,1.6002549268448245,-0.3999129,1.2341197646928777,0.000474543,1.3161277984035893,1.587838035184913,0.000367793,1.5982982461782038,-1.19e-05,0.000379286,-1.15e-05,-0.00029402,0.086231248,3.1,0,0.9960545961910418,240.65393,2.960549,snia-cosmo,norm,0.0,0.0,,100.0,,,,,,,,,,,,,,,,,
1918,ZTF19acdihrz,0.06552565,1.01e-05,z_gal,58772.84039268073,0.001057967,0.006990637,-0.054381826,0.145922229,3.962109445110784e-05,0.2062448695820928,0.034016579,7.079842304304724e-08,0.006607939,-0.000153897,-3.11e-06,-1.15e-06,0.001577037,0.073307214,3.1,0,0.1932054920293392,60.189448,-7.038483,snia-cosmo,norm,1.0,1.0,2019sck,100.0,,,,,,,,,,,,,,,,,
1919,ZTF19acdisjm,0.05712285,0.00015044,z_gal,58770.93832652566,0.000928054,-1.690640995,-0.015671066,0.1695776200358523,3.954940485991805e-05,0.288003706,0.038390141,2.1093559137489768e-07,0.010389338,-0.000346441,-4.03e-06,-1.3e-06,0.002120773,0.2456473353164098,3.1,0,0.6901043200480864,84.054879,-3.342177,snia-cosmo,norm,1.0,1.0,2019shu,100.0,,,,,,,,,,,,,,,,,
1920,ZTF19acdjiml,0.09575667,0.00388973,z_snid,58772.28480328042,0.000521828,0.5265514712105529,-0.048697494,0.2308187431772239,2.398326683070075e-05,0.3782630458909576,0.042256221,4.757821159451739e-07,-0.00623644,-0.001333902,-5.53e-06,-8.01e-07,0.005196675,0.023829734,3.1,0,0.5930234899552447,134.938333,38.859545,snia-cosmo,norm,1.0,1.0,2019scw,100.0,,,,,,,,,,,,,,,,,
1921,ZTF19acdlaer,0.04422992,1.474e-05,z_gal,58756.39976625508,0.001236255,0.4357536797662402,-0.3969963,1.780768727654504,0.000209092,0.4662009742173939,1.1192743211866372,-0.000210537,-0.024289145,0.008441626,-4.99e-05,-1.74e-05,0.024869422,0.028084471,3.1,0,0.4615031591750317,155.654422,8.377744,snia,,0.0,0.0,,100.0,,,,,,,,,,,,,,,,,
1928,ZTF19acdxlns,0.0690279,0.00042028,z_nonSEDm,58776.79406286505,0.000454165,-0.004495618,0.1681625265066902,0.1881692360584566,1.5640200592081634e-05,0.1966377477193159,0.031227485,-3.99e-07,-0.009363393,0.00040984,-6.99e-07,-4.34e-07,0.001315098,0.057865178,3.1,0,0.1439685969059771,27.951117,21.295543,snia-cosmo,norm,1.0,1.0,2019sqj,100.0,,,,,,,,,,,,,,,,,
1942,ZTF19aceuacu,0.09503661,0.00368782,z_snid,58781.56440398887,0.000467225,1.074249391865986,0.033243174,0.1553397852367197,1.5421370752346657e-05,0.2350361117682779,0.032477876,-1.51e-07,0.004315025,0.000158387,-1e-06,-4.16e-07,0.000687848,0.032428177,3.1,0,0.027936866,274.636841,59.958386,snia-cosmo,norm,1.0,1.0,2019sqk,100.0,,,,,,,,,,,,,,,,,
1952,ZTF19acftfst,0.10198116,4.668e-05,z_gal,58780.98767727956,0.000384932,-0.69936347,-0.049115763,0.1656997247955587,1.3759603396529778e-05,0.2329871858634467,0.035255175,-7.8e-08,-0.00491109,0.000410725,-9.8e-07,-4.04e-07,0.000969385,0.061017315,3.1,0,0.006813784,342.964283,23.538885,snia-cosmo,norm,1.0,1.0,2019suj,100.0,,,,,,,,,,,,,,,,,
1957,ZTF19acgaxej,0.069902,1.093e-05,z_gal,58785.47667718144,0.001018282,0.9827701348035998,-0.034201388,0.1951553204999072,3.955128128868264e-05,0.253140282,0.036128055,-1.47e-06,0.014618232,0.001321625,-3.04e-06,-1.16e-06,-5.62e-05,0.025498641,3.1,0,0.076431168,36.944664,-3.802122,snia-cosmo,norm,1.0,1.0,2019suc,100.0,,,,,,,,,,,,,,,,,
1968,ZTF19acgjnfz,0.05413744,2.157e-05,z_gal,58789.55175301918,0.001985175,0.7807057215783246,-0.139323587,0.1285026442383241,6.19082635048326e-05,0.1279699039196409,0.028658483,6.255616142062242e-07,0.002423476,-0.000699485,-8.65e-07,-1.46e-06,-0.000430121,0.008958397,3.1,0,0.042109529,172.648884,68.680845,snia-cosmo,99aa,1.0,1.0,2019sxm,100.0,,,,,,,,,,,,,,,,,
1972,ZTF19acgjuua,0.0829207,0.00015044,z_gal,58785.54631236356,0.000430094,0.5595607737809096,0.1994294142073172,0.5756934184319107,4.154452284016834e-05,1.0855811602242982,0.079388502,-6.35e-06,0.3327532958286411,0.011557428,-3.37e-05,-2.85e-06,0.048977252,0.046723983,3.1,0,0.8129537922567307,316.596754,-8.682837,snia-cosmo,norm,1.0,0.0,2019syj,100.0,,,,,,,,,,,,,,,,,
1973,ZTF19acgldqr,0.03910873,1.119e-05,z_gal,58782.341977225486,0.000122697,-5.0,0.7425482796405792,0.3561840745060181,1.2083296398491337e-05,0.8183456341379358,0.090527132,-1.28e-06,-1.55e-13,0.007856195,1.7742792516501918e-17,-9.63e-07,3.2461068173765343e-14,0.026216426,3.1,0,0.043174272,5.61754,-4.836362,snia-pec,91bg,0.0,0.0,,100.0,,,,,,,,,,,,,,,,,
1979,ZTF19acgpnlk,0.03312023,1.04e-05,z_gal,58772.98600328795,0.00073164,2.020407685777285,0.027038386,1.0589836914405168,0.000120116,0.6058984472612782,0.1119763006029847,-7.09e-05,0.026819628,0.052164096,-3.69e-05,-1.31e-05,0.032168457,0.013963799,3.1,0,0.000138233,168.151894,15.216812,snia,,0.0,0.0,,100.0,,,,,,,,,,,,,,,,,
1980,ZTF19acgpqxt,0.08192532,3.113e-05,z_gal,58791.27446743011,0.000962681,0.4691141718292816,0.078580771,0.1297480467474088,3.256442482373794e-05,0.2114719170604622,0.032531,-5.47e-07,0.016656539,0.000553094,-1.53e-06,-8.54e-07,-0.000396647,0.034349961,3.1,0,0.7907611682430719,30.314801,3.906345,snia,,1.0,1.0,2019tht,100.0,,,,,,,,,,,,,,,,,
1983,ZTF19acgxbwo,0.0582386,0.0029904,z_snid,58790.43289,0.001245908,-0.375780919,0.069056139,0.080341336,4.0922769929438766e-05,0.1480254912936572,0.029623384,2.1857044354372757e-07,-0.001935021,-8.95e-05,-6.42e-07,-1.07e-06,0.000277034,0.3372522412588299,3.1,0,0.9829643719275284,57.583477,30.03502,snia-cosmo,norm,1.0,1.0,2019tiq,100.0,,,,,,,,,,,,,,,,,
1990,ZTF19achjpyc,0.0911712,0.0032249,z_snid,58778.66441308949,0.000547945,0.5720068631583602,-0.110124755,0.8458822992542991,2.560888323447112e-05,0.5470444047839089,0.046265867,-8.28e-06,-0.232178893,0.007104947,-1.02e-06,-8.77e-07,-0.001231827,0.013843202,3.1,0,0.9256760300299888,26.868895,-17.786516,snia,,1.0,1.0,2019syw,100.0,,,,,,,,,,,,,,,,,
1992,ZTF19achtiax,0.0248978,1.21e-05,z_gal,58776.51359,0.000147999,-2.796535809,0.6085497815114213,1.5880948433914457,6.310957852403339e-05,1.1699531913585242,0.2838357298144843,-2.21e-05,-0.978924593,0.015702056,3.215436947341436e-06,-1.79e-05,0.003522956,0.022324311,3.1,0,0.5567984151700541,177.744062,22.078124,snia,,0.0,0.0,,100.0,,,,,,,,,,,,,,,,,
2003,ZTF19acitnck,0.04575477,0.00320039,z_snid,58794.92546074362,0.001898904,-0.997848602,-0.038479222,0.2329818099133263,8.209299996371673e-05,0.3334315335481495,0.041058951,1.1131649189676411e-06,-0.01299618,0.000848717,-1.07e-05,-2.74e-06,0.002280641,0.1379814275103795,3.1,0,0.9258260041159236,305.294952,2.808004,snia-cosmo,norm,1.0,1.0,2019tmq,100.0,,,,,,,,,,,,,,,,,
2008,ZTF19acjerzj,0.03724916,0.00042685,z_nonSEDm,58791.76052047291,0.000561435,-1.707492582,0.3849426388844315,0.3753355659282533,3.405472297419212e-05,0.7345039999355572,0.055329561,3.6995200773651455e-06,0.091229022,-0.001297159,-1.06e-05,-1.48e-06,0.010921024,0.1391958726164858,3.1,0,0.99671394,75.772149,7.862262,snia-cosmo,norm,1.0,1.0,2019ubh,100.0,,,,,,,,,,,,,,,,,
2018,ZTF19acjurot,0.05795276,0.00306635,z_snid,58799.14456236773,0.001377236,0.6370522263517564,-0.078410253,0.283048388,5.91346098041994e-05,0.4060227878441533,0.051335509,-2.03e-06,0.066488008,-0.001547198,-1.05e-05,-1.81e-06,-0.001368931,0.051324031,3.1,0,0.002238155,320.853375,-17.720127,snia-cosmo,norm,1.0,1.0,2019tzv,100.0,,,,,,,,,,,,,,,,,
2019,ZTF19acjwcyx,0.12965753,0.0035609,z_snid,58792.58621189104,0.000296548,0.4471314175694377,-0.035679449,0.4925668492323893,1.5827653348400497e-05,0.6598328461648665,0.049220756,2.646705782859597e-06,0.007711529,-0.006521257,-5.81e-06,-6.17e-07,0.00812427,0.021136858,3.1,0,0.1329802913995452,9.013941,-1.373257,snia-cosmo,norm,1.0,1.0,2019tup,100.0,,,,,,,,,,,,,,,,,
2021,ZTF19ackbjtf,0.0915267,0.00153112,z_SEDm,58793.64311,0.000402157,0.1514148394259022,0.080348172,0.4638255172067147,3.135578083965772e-05,0.7456657054705087,0.067604632,5.356172652138752e-06,-0.104856742,-0.009993751,-1.77e-05,-1.84e-06,0.029795367,0.022847416,3.1,0,0.081046611,29.769943,-17.307357,snia-cosmo,norm,1.0,1.0,2019tns,100.0,,,,,,,,,,,,,,,,,
2026,ZTF19ackjsbp,0.08672007,2.521e-05,z_gal,58782.29341076985,0.00041096,-0.861000415,0.1998640903304463,1.497256305308838,0.000614781,1.958428838355686,1.0893466510988072,-0.000203278,0.2985426798626737,0.3220742864033677,-0.000851282,-0.000736593,1.623369253580399,0.022389914,3.1,0,0.003117733,180.746721,3.396394,snia,,0.0,0.0,,100.0,,,,,,,,,,,,,,,,,
2030,ZTF19aclhnkd,0.08337802,0.00155045,z_SEDm,58796.76275929218,0.000767552,0.8255544915582557,-0.024874788,0.3310738162472262,3.492102469461526e-05,0.3409124015524442,0.042210589,-1.09e-06,-0.033126461,0.002645541,-4.32e-06,-1.22e-06,0.001385057,0.033135396,3.1,0,0.3080169676605416,142.975389,-5.032621,snia-cosmo,norm,1.0,1.0,2019tue,100.0,,,,,,,,,,,,,,,,,
2036,ZTF19acmbhvv,0.06219908,1.018e-05,z_gal,58914.99412884675,0.001212094,0.3739540606067252,-0.006669985,0.1698232479284342,4.100737625667753e-05,0.1847000093007348,0.031940472,1.1635518683989545e-06,0.013269745,-0.000536667,-8.85e-07,-1.07e-06,-0.000308991,0.087275169,3.1,0,1.5949417179943732e-08,108.702413,53.718105,snia-cosmo,norm,1.0,0.0,2019aaby,100.0,,,,,,,,,,,,,,,,,
2093,ZTF19acshkft,0.07983326,0.00335596,z_snid,58812.068917450415,0.0007263,0.9582183404690608,0.021701003,0.2092191599767829,2.467673710498697e-05,0.2164961925023416,0.034128174,1.3862158631834006e-07,0.010591267,0.00101033,-7.17e-07,-6.68e-07,-0.000459649,0.048398627,3.1,0,0.4910421450484856,29.783045,16.10123,snia-cosmo,91t,1.0,1.0,2019uze,100.0,,,,,,,,,,,,,,,,,
2094,ZTF19acslqnc,0.03123494,0.00015376,z_gal,58810.95199396796,0.002589384,0.072512896,0.191183177,0.128446279,9.724919464054846e-05,0.1173822521606948,0.032459394,1.018582184493928e-06,-0.000834822,-0.000213212,-1.87e-06,-2.87e-06,0.000640124,0.5411185406153627,3.1,0,0.999334591,76.506503,51.821723,snia-cosmo,norm,1.0,1.0,,100.0,,,,,,,,,,,,,,,,,
2098,ZTF19actaiag,0.02195631,0.00425206,z_snid,58819.42054627157,0.002744462,4.979581035403935,-0.399899583,9.079276746033427,0.000853726,9.242567222553628,1.5343089348227812,-0.007060725,-37.72070688,25.905697813517712,0.003488203,-0.00239557,-12.79813167,0.027761726,3.1,0,0.0,275.205455,38.014967,snia-cosmo,norm,0.0,0.0,2019vbe,100.0,,,,,,,,,,,,,,,,,
2117,ZTF19acuyvtl,0.07938002,1.086e-05,z_gal,58824.22253605536,0.000736535,0.2447576212903875,-0.103975888,0.936578008,5.235506629804867e-05,0.2506122719513729,0.047164728,-3.4e-05,-0.125859164,0.018289687,9.950962030975277e-07,-2.12e-06,-0.000628952,0.05341589,3.1,0,0.3432690585785745,108.339004,60.867244,snia-cosmo,norm,0.0,1.0,2019vuv,100.0,,,,,,,,,,,,,,,,,
2120,ZTF19acvgbeh,0.11507046,0.00436606,z_snid,58821.44649375524,0.000832245,-2.749939366,-0.373564265,1.8940545835284863,0.001302583,5.910690346289685,1.1162464821110605,0.001365926,-2.012055307,-0.294995234,-0.007021768,-0.00040546,1.7062783348180337,0.022802578,3.1,0,0.0,352.059571,-16.561988,snia-cosmo,norm,0.0,0.0,2019vmh,100.0,,,,,,,,,,,,,,,,,
2146,ZTF19acxnemy,0.06246068,0.00292617,z_snid,58826.60715224707,0.000845105,0.039260335,0.05264963,0.63594297,3.596526818727469e-05,0.2049123863340215,0.035456917,-1.03e-05,-0.102294455,0.00596567,1.2529355004703302e-06,-1.08e-06,-0.001157923,0.027408682,3.1,0,0.5058234176743436,134.865645,35.005044,snia-cosmo,norm,0.0,1.0,2019wce,100.0,,,,,,,,,,,,,,,,,
2149,ZTF19acxolhu,0.07192684,0.00306635,z_snid,58832.85217350594,0.00063703,1.2327259470209802,-0.038928133,1.041664123,3.169045529661168e-05,0.561833325,0.050328982,-1.15e-05,-0.468693294,0.02453565,1.2346857190603771e-06,-1.27e-06,-0.010262317,0.027825197,3.1,0,0.057623911,141.642869,-1.650282,snia-cosmo,norm,1.0,0.0,2019wew,100.0,,,,,,,,,,,,,,,,,
2181,ZTF19acykzsp,0.15887836,2.628e-05,z_gal,58835.35828307426,0.000144325,0.08632769,0.071943453,0.8634212911274517,8.39266411771023e-06,0.6595934114415487,0.063453545,2.664086112503775e-06,-0.328563507,0.007536912,-3.02e-06,-2.43e-07,-0.009300184,0.045664773,3.1,0,0.000403815,28.359125,31.801,snia,,1.0,1.0,,100.0,,,,,,,,,,,,,,,,,
2216,ZTF19adaylqy,0.06118034,0.00382099,z_snid,58848.20394,0.001634302,0.4120564418955802,-0.051877142,0.3171997351055324,9.783417561227796e-05,0.326803785,0.049514274,-1.43e-05,0.005868509,0.00649004,-1.63e-05,-3.77e-06,0.001242884,0.1812911539896409,3.1,0,0.7132006912921085,346.801602,25.607317,snia-cosmo,norm,0.0,1.0,2019xug,100.0,,,,,,,,,,,,,,,,,
2227,ZTF19adcbxkw,0.07264285,1.74e-05,z_gal,58852.76771119289,0.000564794,-1.313529243,0.078565717,0.1729569326998898,1.8381298250174543e-05,0.1744620601158442,0.031758248,2.94141875467699e-07,-0.006734191,-0.000297219,-2.58e-07,-4.82e-07,-0.000476794,0.024162229,3.1,0,0.092937345,142.672097,21.45591,snia-cosmo,norm,1.0,1.0,2019yzx,100.0,,,,,,,,,,,,,,,,,
2228,ZTF19adcbyzc,0.07670517,1.06e-05,z_gal,58861.90480522159,0.001137904,0.093749788,-0.225854397,0.4635624628208461,0.000120561,0.4266782648709124,0.064544699,4.903787463658889e-05,-0.121438061,-0.023449099,-4.14e-05,-6.9e-06,0.015888267,0.025895458,3.1,0,0.2768889686068151,149.229732,15.70252,snia-cosmo,91t,0.0,0.0,2020ac,100.0,,,,,,,,,,,,,,,,,
2239,ZTF20aaaboph,0.0635965,0.0032249,z_snid,58856.07646105981,0.000927981,-1.336671176,-0.273798799,0.2513949621388747,3.869470489976831e-05,0.4198120222008361,0.081576596,3.2119466334079265e-07,0.015708732,0.000460374,-6.85e-06,-1.65e-06,0.001906144,0.1535490554185867,3.1,0,0.037849729,338.942774,44.882328,snia-cosmo,norm,1.0,0.0,2020E,100.0,,,,,,,,,,,,,,,,,
2251,ZTF20aaazhtk,0.03167525,0.00015044,z_gal,58844.98702173202,0.003441732,-1.479263712,-0.045627434,3.3897114308820164,0.001087227,4.015480820047246,0.2277921238429336,-0.000905426,-15.75869784,-0.187758492,0.001213561,-0.000222099,0.2458295094153787,0.1287136336273251,3.1,0,0.9902036376827766,236.826743,-16.477699,snia,,0.0,0.0,,100.0,,,,,,,,,,,,,,,,,
2259,ZTF20aabqisb,0.05076455,1.2e-05,z_gal,58860.37439492688,0.000405851,1.4571946704723997,0.4946548173176369,0.1702931502368301,1.6384586051928e-05,0.1720816479261667,0.034373297,5.261887191252649e-08,-0.00344373,-0.000326243,-1.04e-06,-4.85e-07,0.000739145,0.029669202,3.1,0,0.539528705,256.515325,70.775314,snia-cosmo,norm,1.0,1.0,2020kq,100.0,,,,,,,,,,,,,,,,,
2260,ZTF20aabqiti,0.05157024,0.00292617,z_snid,58856.17954454901,0.001840389,0.6265317215793245,-0.026709477,0.1830982159590348,6.031705939560839e-05,0.1325095515518644,0.030487883,9.80005594131623e-07,-0.016107191,-0.000333947,-1.64e-06,-1.55e-06,0.000141014,0.039084583,3.1,0,0.1639350267905575,254.605677,68.232492,snia,,1.0,1.0,2020bj,100.0,,,,,,,,,,,,,,,,,
2265,ZTF20aacbgvj,0.07576684,0.00043842,z_nonSEDm,58853.69324157936,0.000978405,0.9367581492061609,-0.145775354,1.2972830511098437,0.000123652,0.6377700645452238,0.087753585,-7.43e-05,-0.421743779,0.037530109,-3.1e-05,-1.02e-05,0.022130144,0.062942745,3.1,0,0.4945254420863553,126.42896,-17.221008,snia-cosmo,norm,0.0,0.0,2019xuj,100.0,,,,,,,,,,,,,,,,,
2268,ZTF20aaccmjn,0.04743077,0.00297321,z_snid,58864.633230603584,0.001470158,-1.369120588,-0.119172039,0.090274644,4.800215452747025e-05,0.086615816,0.030199602,1.8509491908044653e-07,-0.001733537,-8.3e-05,-7.05e-07,-1.22e-06,-7.71e-05,0.007907729,3.1,0,0.9076794794966978,167.005916,55.871965,snia,,1.0,1.0,,100.0,,,,,,,,,,,,,,,,,
2269,ZTF20aacdfep,0.05846544,2.219e-05,z_gal,58857.280349319706,0.000544331,-0.934115583,0.1560767294108573,0.5206994029431371,4.013996796160081e-05,0.3512355004480645,0.057317578,6.750170531675448e-06,-0.1257522,-0.007306285,-8.87e-06,-2.06e-06,0.008878976,0.011479971,3.1,0,0.4797727013685311,251.218761,42.982267,snia-cosmo,norm,1.0,1.0,2020dd,100.0,,,,,,,,,,,,,,,,,
2270,ZTF20aacdhlf,0.10927161,2.944e-05,z_gal,58856.77043075009,0.000395803,0.098988884,-0.056246226,0.7085410869331099,2.4451544285184184e-05,0.5591804795345241,0.058528656,4.753219210572941e-06,-0.229174469,-0.015918543,-8.61e-06,-1.01e-06,0.009769143,0.007131261,3.1,0,0.3916154771444557,246.649208,39.629694,snia-cosmo,norm,0.0,1.0,,100.0,,,,,,,,,,,,,,,,,
2281,ZTF20aadfyjl,0.04879616,0.00042103,z_nonSEDm,58865.19593066933,0.000912333,0.3986005833172065,0.4040138676762835,0.2276071410742588,3.593600426218303e-05,0.2208533321405673,0.034170158,-2.04e-06,-0.020577671,0.001461453,-1.18e-06,-1.08e-06,9.992846545934408e-05,0.1387340369547907,3.1,0,7.601666706357991e-07,82.793745,1.719148,snia,,1.0,1.0,2020hz,100.0,,,,,,,,,,,,,,,,,
2282,ZTF20aadvaoi,0.09351325,3.602e-05,z_gal,58867.017336344245,0.000526268,0.6111516461369432,-0.058062244,0.1255424969676823,1.6233077209000307e-05,0.1277303817002823,0.030795157,-5.95e-08,-0.003450065,5.297141151202703e-05,-1.6e-07,-4.18e-07,-0.000299033,0.053807883,3.1,0,0.3714554078605884,102.794818,65.59293,snia,,1.0,1.0,2020zk,100.0,,,,,,,,,,,,,,,,,
2283,ZTF20aadvbni,0.10392104,0.00300832,z_snid,58864.20950439544,0.000238588,-0.202769961,0.1226931551602673,0.1785550792519643,8.190710859294484e-06,0.1452492040463341,0.034013447,-1.96e-07,-0.004740059,0.000242737,-1.91e-07,-2.31e-07,-0.000154403,0.070227326,3.1,0,0.6852113752034068,109.711759,53.571825,snia-cosmo,norm,1.0,1.0,2020uo,100.0,,,,,,,,,,,,,,,,,
2294,ZTF20aaervyn,0.1150142,3.221e-05,z_gal,58868.72477360954,0.000228301,-1.244924911,0.079986166,0.6253304597048555,1.47760414705925e-05,0.5440161168205584,0.059810243,-3.43e-06,-0.110236094,0.009352672,-2.53e-06,-6.85e-07,0.001165808,0.034120046,3.1,0,0.064277949,225.364375,20.623194,snia-cosmo,norm,1.0,1.0,,100.0,,,,,,,,,,,,,,,,,
2295,ZTF20aaerxsd,0.05318272,1.097e-05,z_gal,58870.63859891169,0.001255007,-0.516176587,0.022926805,0.0603033,3.765676024779262e-05,0.047232167,0.026122609,1.0418334292163836e-07,-0.000616445,-0.00014852,-1.31e-07,-8.55e-07,-2.17e-05,0.006764195,3.1,0,0.9998191704132188,210.226113,45.472662,snia-cosmo,norm,1.0,1.0,2020py,100.0,,,,,,,,,,,,,,,,,
2298,ZTF20aaeswym,0.013503,1.414e-05,z_gal,,,,,,,,,,,,,,,1.061069873,3.1,0,0.2804876796201295,19.842348,62.334033,snia-cosmo,norm,1.0,1.0,,100.0,,,,,,,,,,,,,,,,,
2300,ZTF20aaetvkh,0.06589751,0.00142537,z_SEDm,58865.27185314949,0.000968137,-0.050256677,-0.066781076,0.1989400004968047,3.104348184583745e-05,0.1672856909174395,0.031067138,-8.32e-07,-0.017522805,0.000487652,-4.25e-07,-7.94e-07,-0.000206055,0.055825552,3.1,0,0.3511629266650821,75.852638,5.403371,snia-cosmo,norm,1.0,1.0,2020ti,100.0,,,,,,,,,,,,,,,,,
2309,ZTF20aafanxk,0.09929972,0.0032249,z_snid,58862.29869723706,0.00041326,-1.732060469,0.017074898,0.9914580161712364,3.474246905135582e-05,0.6620436314242027,0.077658581,-2.15e-05,-0.431429353,0.045274208,-1.41e-08,-2.37e-06,-0.005139328,0.1879880800099493,3.1,0,0.8300939847639353,83.900208,11.770917,snia,,1.0,1.0,,100.0,,,,,,,,,,,,,,,,,
2320,ZTF20aafgbrf,0.02976719,0.00050235,z_nonSEDm,58876.096875724266,0.003745129,0.5754749173212175,0.075042105,0.1316714700187731,0.000130702,0.1164435275272424,0.032132126,-1.28e-07,-0.003792952,-1.18e-05,-2.5e-06,-3.64e-06,0.000155581,0.3405104859530152,3.1,0,0.6001280125924278,97.092377,21.646678,snia-cosmo,norm,1.0,1.0,2020xr,100.0,,,,,,,,,,,,,,,,,
2327,ZTF20aafrjqw,0.08822102,1.841e-05,z_gal,58871.69329181748,0.000824356,0.8863491365046898,-0.06710601,0.2813274034997448,3.069538048532924e-05,0.2472419542803537,0.036115918,2.056573821419151e-07,-0.034998971,0.000614303,-2.68e-06,-8.79e-07,0.000755131,0.02329232,3.1,0,0.5957160892953304,157.705069,19.725483,snia,,1.0,1.0,2020abu,100.0,,,,,,,,,,,,,,,,,
2329,ZTF20aaftsqt,0.11231891,0.00414035,z_snid,58875.23344598956,0.000276516,-0.103855576,-0.076722464,0.1204998694411187,8.416535154776337e-06,0.1082861619189739,0.027173186,1.1777471424964465e-08,-0.000112252,-0.000253057,-1.26e-07,-1.95e-07,5.0144635926596585e-05,0.012159172,3.1,0,0.9227573401759076,189.929879,30.201189,snia-cosmo,norm,1.0,1.0,,100.0,,,,,,,,,,,,,,,,,
2331,ZTF20aafwbcs,0.06828498,0.00332866,z_snid,58873.65037716853,0.000636535,-0.955529349,0.022615032,0.2882471612938388,2.0843810506638628e-05,0.3712184905594395,0.033861934,3.9547597775222955e-08,-0.054982344,-0.001116745,-1.24e-06,-5.58e-07,0.001083884,0.052502502,3.1,0,0.027073999,10.588536,29.685911,snia-cosmo,norm,1.0,1.0,2020agd,100.0,,,,,,,,,,,,,,,,,
2332,ZTF20aafwyfk,0.12016209,0.00317648,z_snid,58872.10679247128,0.00033093,1.348507650184539,-0.05065834,0.3911202509443683,1.2754164634504102e-05,0.4376981924182781,0.041883958,-5.17e-07,0.1010780982473796,-0.000380771,-2.03e-06,-3.87e-07,0.001222416,0.093524207,3.1,0,0.3402069702393894,82.460414,77.902061,snia,,1.0,1.0,2020apm,100.0,,,,,,,,,,,,,,,,,
2335,ZTF20aafxygy,0.16052416,0.0035609,z_snid,58870.03405515007,0.000164076,1.3337986655387484,-0.111849364,0.6312941431715444,7.763537036475823e-06,0.4420507001427892,0.048465906,-3.29e-07,-0.08247403,-0.002996375,-1.55e-06,-2.8e-07,0.002574608,0.022428173,3.1,0,0.5748604330858015,122.556193,7.621587,snia-cosmo,norm,1.0,1.0,2020ahn,100.0,,,,,,,,,,,,,,,,,
2352,ZTF20aagzdjp,0.10801661,0.00388973,z_snid,58874.41381655978,0.000237873,0.3427081291263866,0.1587586841087361,0.4379112168899155,1.26213371931928e-05,0.4768813529580161,0.052392105,-7.93e-07,0.04240753,0.000237552,-3.17e-06,-5.29e-07,0.007726956,0.055821683,3.1,0,0.081768667,20.30199,23.423766,snia,,1.0,1.0,,100.0,,,,,,,,,,,,,,,,,
2361,ZTF20aahggbm,0.07968229,3.869e-05,z_gal,58882.15211757746,0.000593586,-1.316072122,-0.100010933,0.070061993,1.7535907965058933e-05,0.079493899,0.025965355,2.1903377942308985e-07,-0.000332215,-0.000347437,-1.14e-07,-3.9e-07,-2.78e-05,0.027891421,3.1,0,0.3199910449310879,172.000121,16.607363,snia-cosmo,norm,1.0,1.0,2020axo,100.0,,,,,,,,,,,,,,,,,
2365,ZTF20aahirkk,0.04458533,1.025e-05,z_gal,58883.00420392769,0.002450408,0.6952249013579972,0.027180846,0.2655415086264838,0.000104948,0.3550053545094476,0.038602401,6.690260944214387e-06,0.04175099,-0.003366124,-1.26e-05,-3.64e-06,0.002846195,0.01762686,3.1,0,0.9307326793237276,1.638007,3.268719,snia,,1.0,1.0,2020arm,100.0,,,,,,,,,,,,,,,,,
2366,ZTF20aahirqq,0.06618796,0.00042004,z_nonSEDm,58879.503491435855,0.000730392,1.302187228678099,0.1722973472334404,0.4058178185405268,4.2976693865351314e-05,0.7392881020553119,0.050954344,-2.43e-07,0.077422153,-0.000804751,-1.95e-05,-1.78e-06,0.012776524,0.064323182,3.1,0,0.626724711,10.189578,8.991043,snia-cosmo,norm,1.0,1.0,2020bds,100.0,,,,,,,,,,,,,,,,,
2369,ZTF20aahmvfw,0.04286931,0.00362353,z_snid,58885.55692473724,0.001976,0.065930367,-0.151531051,0.2357511313202849,0.000103533,0.4007746128446222,0.04332993,-1.09e-05,0.034887084,0.003265654,-2.01e-05,-3.64e-06,0.001763207,0.1006833542690875,3.1,0,0.078860058,125.471896,-23.482601,snia-cosmo,norm,1.0,1.0,2020bdq,100.0,,,,,,,,,,,,,,,,,
2377,ZTF20aahtral,0.06266324,1.319e-05,z_gal,58886.15309123613,0.000706159,0.5692054940939559,0.1776614336596873,0.2612888565745379,3.278412075121627e-05,0.4200312179801345,0.040877026,-2.2e-06,0.036430678,0.001481734,-7.97e-06,-1.17e-06,0.007689264,0.066420822,3.1,0,0.053612785,48.236611,-11.628775,snia-cosmo,norm,1.0,1.0,2020bbb,100.0,,,,,,,,,,,,,,,,,
2379,ZTF20aahujpd,0.05309014,0.00042009,z_nonSEDm,58880.69653057852,0.000381612,-0.035005041,0.5532114826614708,0.489846565,3.620915002970455e-05,0.7077717779288476,0.076226772,-1.07e-06,0.1092716860604533,0.005058047,-1.25e-05,-2.59e-06,0.023118047,0.3976190415265408,3.1,0,0.993523055,78.489148,22.333941,snia-cosmo,norm,1.0,1.0,,100.0,,,,,,,,,,,,,,,,,
2387,ZTF20aaifkyj,0.07327999,1.208e-05,z_gal,58885.163645804365,0.000606091,-1.207842531,-0.083905462,0.1573557141782657,2.440453316650168e-05,0.2258307847800451,0.039163612,3.291667475344598e-07,-0.000128186,-0.000685784,-2.38e-06,-7.33e-07,0.00120873,0.015042437,3.1,0,0.5105002645691628,179.992742,4.921838,snia-cosmo,norm,1.0,1.0,2020bec,100.0,,,,,,,,,,,,,,,,,
2388,ZTF20aaifsri,0.06562739,0.00341211,z_snid,58873.45204354858,0.00103614,0.7649589757904207,-0.078610226,1.0708235548408993,4.330693425579253e-05,0.5782354191358072,0.041675658,-2.37e-05,-0.51993424,0.013442573,8.597122108089039e-06,-1.35e-06,-0.007721973,0.0518713,3.1,0,0.7801006282859263,212.334076,-12.468532,snia-cosmo,norm,0.0,0.0,2020akj,100.0,,,,,,,,,,,,,,,,,
2397,ZTF20aaivvwa,0.102598,0.0018755,z_SEDm,58885.17169928221,0.00061334,0.7950213017116383,-0.014141411,0.3501380256348056,2.993349639513588e-05,0.4553808382011216,0.050384978,-2.39e-06,0.062117653,0.00123528,-8.13e-06,-1.08e-06,0.006820349,0.033950765,3.1,0,0.063387971,85.61622,-21.277628,snia,,1.0,1.0,2020blz,100.0,,,,,,,,,,,,,,,,,
2399,ZTF20aajjxwc,0.06027375,1.526e-05,z_gal,58892.78416887082,0.001215297,1.8969332582967464,0.067039341,0.1390373540489236,3.863563061422845e-05,0.1670291497002096,0.030174047,-5.03e-07,0.001615923,0.000297833,-9.81e-07,-9.88e-07,0.000123672,0.030311634,3.1,0,0.6966952515242604,130.303212,68.707043,snia-cosmo,91t,1.0,1.0,2020btv,100.0,,,,,,,,,,,,,,,,,
2407,ZTF20aakrgsq,0.13314746,0.00302696,z_snid,58891.38168156365,0.000251957,0.7924714653984238,-0.119312783,0.087521265,7.797275748897572e-06,0.1175991260186401,0.028256121,-7.13e-08,0.003970436,8.221419077594266e-05,-2.62e-07,-1.92e-07,0.000643449,0.01270097,3.1,0,0.005206936,187.836001,39.977477,snia-cosmo,norm,1.0,1.0,,100.0,,,,,,,,,,,,,,,,,
2416,ZTF20aalkfui,0.01816292,1.045e-05,z_gal,58895.21850737798,0.009896456,-0.331454653,0.046379043,0.1896010812888562,0.000402576,0.2191152114928851,0.036471635,2.137558241119669e-05,0.016390684,-0.002468585,-1.3e-05,-1.32e-05,0.000287387,0.035635519,3.1,0,0.9965538411363558,10.289725,16.461543,snia-cosmo,norm,1.0,1.0,2020bqm,100.0,,,,,,,,,,,,,,,,,
2455,ZTF20aamvoeh,0.14384622,0.00042005,z_nonSEDm,58889.073517530735,0.000113142,-1.694105053,-0.075315082,0.6078780505413306,8.368727114923784e-06,0.9538166792206388,0.083030037,-2.55e-06,0.3446734867303662,0.014314407,-5.47e-06,-4.33e-07,0.025048945,0.051311984,3.1,0,0.4087966807488902,33.502,38.936306,snia,,0.0,1.0,,100.0,,,,,,,,,,,,,,,,,
2462,ZTF20aanaibf,0.05333029,0.00141408,z_SEDm,58903.69847339199,0.001934878,1.8695118956494208,0.069103562,0.4597723488477641,0.000102806,0.6574665954791976,0.050404806,-4.71e-07,0.044136248,0.000342898,-3.51e-05,-3.93e-06,0.005864324,0.1690581254875336,3.1,0,0.9859059469388312,302.411352,62.558552,snia-cosmo,91t,1.0,1.0,2020cxe,100.0,,,,,,,,,,,,,,,,,
2468,ZTF20aankixb,0.11852539,1.049e-05,z_gal,58893.41913777437,0.0001743,0.8575698591123374,0.1760950719698621,0.6807563483489503,1.408201241157599e-05,0.8358528796895925,0.067410601,-3.31e-06,0.1149783369911604,0.007914321,-7.37e-06,-7.79e-07,0.017636358,0.027915271,3.1,0,0.043994506,237.463694,34.520539,snia,,0.0,1.0,,100.0,,,,,,,,,,,,,,,,,
2487,ZTF20aaormnl,0.0804855,1.098e-05,z_gal,58910.86722,0.000712359,-0.694143414,-0.145393165,0.1560155980696436,2.8400578862356743e-05,0.2396543572714433,0.03642211,1.4699207744514657e-06,0.007693221,-0.001953701,-2.24e-06,-7.29e-07,-0.001861766,0.018121761,3.1,0,0.9981537060143806,135.531149,12.361675,snia-cosmo,norm,1.0,1.0,2020cxo,100.0,,,,,,,,,,,,,,,,,
2498,ZTF20aappghw,0.04437283,1.123e-05,z_gal,58887.56930859427,0.000105616,2.4209401165110145,0.8821707084911786,1.026894379669102,1.8849997709159107e-05,1.2885292513116282,0.1285591017816651,3.155547065258556e-06,-0.110405208,-0.033499908,-1.4e-05,-2.28e-06,0.062753258,0.034844156,3.1,0,0.907770591,231.983256,7.664613,snia,,0.0,0.0,,100.0,,,,,,,,,,,,,,,,,
2517,ZTF20aarucek,0.06859202,1.078e-05,z_gal,58916.70787788564,0.000892317,-0.605278819,-0.014769753,0.2100670478102984,3.570837261145142e-05,0.1956094559754553,0.035214143,3.0888864386839155e-06,-0.016818105,-0.001165746,-2.71e-06,-9.66e-07,0.000117883,0.042098706,3.1,0,0.9866764189986302,281.968686,60.686508,snia-cosmo,norm,1.0,1.0,2020dsn,100.0,,,,,,,,,,,,,,,,,
2531,ZTF20aasjzgc,0.05170465,0.00300832,z_snid,58916.39305090135,0.001372682,-1.85049267,-0.091856595,1.0988525773027504,0.000112995,0.4723796367795819,0.065748198,9.260183374100316e-05,-0.329382289,-0.017172373,-2.85e-05,-4.72e-06,-0.001119161,0.1354460730046195,3.1,0,0.9564109272079108,52.904786,40.108805,snia-cosmo,norm,0.0,0.0,2020duf,100.0,,,,,,,,,,,,,,,,,
2540,ZTF20aatpoef,0.07110941,2.773e-05,z_gal,58941.28876317821,0.000529267,0.1201948510768117,0.1684825420865829,0.22980098,1.7812248114024902e-05,0.1575354839612649,0.029167978,8.305754645250392e-07,-0.023690163,-0.00166629,-9.34e-07,-4.49e-07,0.001157786,0.016867389,3.1,0,3.371455996176413e-06,178.937927,46.478659,snia,,1.0,1.0,2020exz,100.0,,,,,,,,,,,,,,,,,
2541,ZTF20aatpoeh,0.071256,0.00291204,z_snid,58931.93898625188,0.000939926,0.2183042803105702,-0.128473012,0.4202553902141517,3.3951922606710486e-05,0.1075491288804836,0.027293575,-7.88e-06,-0.026918612,0.002660898,9.198135526571284e-07,-7.58e-07,-0.000509793,0.022041743,3.1,0,0.4540794560501724,184.206694,51.299415,snia-cosmo,norm,0.0,1.0,2020exu,100.0,,,,,,,,,,,,,,,,,
2542,ZTF20aatppnn,0.07185643,1.18e-05,z_gal,58944.205578563815,0.000594511,-0.122245643,0.071555042,0.1187203264489653,2.007590941071832e-05,0.1339969269588231,0.028451737,4.988710283348556e-07,-0.005579558,-0.00068379,-1.04e-06,-4.86e-07,0.000752937,0.023172857,3.1,0,0.4467256613516383,173.899513,43.019151,snia-cosmo,norm,1.0,1.0,2020fkg,100.0,,,,,,,,,,,,,,,,,
2545,ZTF20aatpxkq,0.068697,1.419e-05,z_gal,58943.64830898406,0.000794846,0.7511350439170015,0.035725121,0.1136619582794082,2.43796612527271e-05,0.1265048354330211,0.027379671,4.835052070222333e-07,-0.005829472,-0.000411036,-6.17e-07,-5.62e-07,0.000161588,0.019043722,3.1,0,0.07341739,196.516449,24.055036,snia,,1.0,1.0,2020eyf,100.0,,,,,,,,,,,,,,,,,
2556,ZTF20aatulug,0.07801033,1.224e-05,z_gal,58946.69988327298,0.000748813,0.6374502707939256,-0.031502932,0.1196484914180473,2.4034853067372635e-05,0.1111759987146179,0.028881226,2.654226045209415e-07,-0.004687273,-0.000316385,-6.47e-07,-5.75e-07,-4.38e-05,0.022103957,3.1,0,0.080000142,245.023995,61.790307,snia-cosmo,norm,1.0,1.0,2020fhk,100.0,,,,,,,,,,,,,,,,,
2587,ZTF20aaurfcm,0.08042099,2.058e-05,z_gal,58962.739577792745,0.000559934,-0.091476408,0.063551465,0.2071750075956515,1.9363390565652357e-05,0.1269637497596069,0.030007036,-1.11e-06,-0.004528017,0.000755661,-3.52e-07,-4.82e-07,-0.000214291,0.037823099,3.1,0,0.9959244460435042,262.201528,28.754125,snia-cosmo,norm,1.0,1.0,2020hec,100.0,,,,,,,,,,,,,,,,,
2588,ZTF20aaurhio,0.0847179,2.116e-05,z_gal,58960.14405959286,0.00080371,1.0597052251211612,-0.137856036,0.1985309750962187,2.449674429987178e-05,0.090120396,0.02725498,-1.14e-06,-0.008821018,0.000603175,1.6634026365622156e-07,-5.64e-07,-0.000459241,0.013251459,3.1,0,0.000196052,255.135785,36.626282,snia-cosmo,norm,1.0,1.0,2020gkp,100.0,,,,,,,,,,,,,,,,,
2602,ZTF20aauuiri,0.05679653,1.35e-05,z_gal,58962.89248462963,0.001316386,0.2699960446919513,-0.019523969,0.2325511680392082,4.618323208078589e-05,0.1510878274571623,0.033092348,-2.32e-06,-0.013697427,0.00129284,-6.72e-07,-1.27e-06,-0.000406159,0.055351402,3.1,0,0.8304221137695988,187.147402,-4.069443,snia-cosmo,norm,1.0,1.0,2020hbe,100.0,,,,,,,,,,,,,,,,,
2603,ZTF20aauvmix,0.09901771,0.00332866,z_snid,58965.23210900968,0.000459951,1.0639049144875927,-0.027231392,0.1232630805170629,1.355181128979334e-05,0.1357971986956133,0.026662346,-4.99e-09,0.004056019,-8.39e-05,-1.8e-07,-3.11e-07,0.000203249,0.014093596,3.1,0,0.8851280128735456,224.565853,33.114236,snia,,1.0,1.0,2020hhh,100.0,,,,,,,,,,,,,,,,,
2613,ZTF20aavdgib,0.09406657,0.00338378,z_snid,58968.22371646809,0.000456148,0.915657938,-0.003963898,0.2374716512640589,1.4600828582795425e-05,0.1885030613229392,0.032287635,7.609667037867701e-08,-0.020272074,-0.000164041,-2.94e-07,-3.9e-07,-0.000288233,0.050488534,3.1,0,0.8251721187410322,282.579471,61.530465,snia-cosmo,norm,1.0,1.0,2020hwt,100.0,,,,,,,,,,,,,,,,,
2629,ZTF20aavtdxj,0.08576167,0.00310846,z_snid,58972.51425721448,0.000739653,-0.050734121,-0.034517594,0.1284837515995605,2.4860833907405235e-05,0.1448649991268689,0.032929417,2.459037807519912e-07,-0.000521264,-0.000184494,-9.29e-07,-6.62e-07,0.000190014,0.060872518,3.1,0,0.9289328105378502,290.39227,46.962325,snia-cosmo,norm,1.0,1.0,2020iab,100.0,,,,,,,,,,,,,,,,,
2647,ZTF20aaxablt,0.05173276,0.00157865,z_SEDm,58982.988818808924,0.001571647,1.1540822336874057,-0.029649072,0.178373269,5.491823569040528e-05,0.2058739331936954,0.034652207,3.190521676031172e-07,0.002934092,-0.000465932,-2.95e-06,-1.45e-06,-0.000731935,0.050297088,3.1,0,0.9855616240076452,163.147185,25.118055,snia-cosmo,norm,1.0,1.0,2020ipb,100.0,,,,,,,,,,,,,,,,,
2698,ZTF20aaznlnj,0.07677914,2.213e-05,z_gal,58989.371897576326,0.000491716,-2.078106947,-0.019733586,0.099797621,1.5173260631038207e-05,0.1827059009256145,0.030105511,-2.03e-08,0.002087691,-0.000109827,-4.05e-07,-3.7e-07,0.00018398,0.046257838,3.1,0,0.5727610657784173,251.127266,52.811706,snia,,1.0,1.0,,100.0,,,,,,,,,,,,,,,,,
2701,ZTF20aazomcu,0.01806561,1.272e-05,z_gal,58986.48141130178,0.001408724,0.237139618,-0.399999999,1.2383269956553704,0.00011387,0.7173484467101636,0.011426995,0.000109635,-0.748620185,7.384433228857159e-11,-7.1e-05,-7.15e-13,5.0637346920453245e-11,0.066275927,3.1,0,2.7670550349357778e-12,3.874444,17.324251,snia-cosmo,norm,0.0,0.0,,87.5,,,,,,,,,,,,,,,,,
2742,ZTF20abbarut,0.04027453,0.00016042,z_gal,58986.117239707055,0.001575318,-0.190062363,-0.361465981,0.5956969547260087,0.000440795,0.3864843144566003,0.2660961584852725,-2.15e-05,-0.048255009,-0.002592845,2.5968045104517026e-07,-9.24e-05,-0.001155451,0.035645819,3.1,0,0.5214883888156583,16.444151,34.990272,snia,,0.0,0.0,,100.0,,,,,,,,,,,,,,,,,
2791,ZTF20abeezqx,0.06429426,1.887e-05,z_gal,59019.06326267398,0.001461726,1.9103440431442984,-0.038072771,0.3549161527807882,5.067355222767157e-05,0.4228693714407877,0.038150952,-3.31e-06,0.094058369,0.00309228,-6.69e-06,-1.48e-06,0.003266773,0.038966866,3.1,0,0.9282683787949738,176.690395,14.822684,snia-cosmo,norm,1.0,1.0,2020lvt,100.0,,,,,,,,,,,,,,,,,
2794,ZTF20abefbnz,0.06751794,1.118e-05,z_gal,59014.15773138874,0.000708981,0.5613976624910499,-0.031932357,0.2694003435572085,2.333505068392882e-05,0.1524920660955468,0.028845868,-6.06e-07,-0.022399845,0.000342929,-4.81e-07,-5.62e-07,-0.000108058,0.016126001,3.1,0,0.946779783,209.562027,23.611531,snia-cosmo,norm,1.0,1.0,2020lwl,100.0,,,,,,,,,,,,,,,,,
2800,ZTF20abegjom,0.01689836,0.00013713,z_gal,59005.01521,0.00528791,-0.643770065,-0.4,0.8236915162087826,0.00022626,0.5497651408011136,0.065470512,-0.000133906,-0.255907444,1.755625859763087e-09,1.6369672240420778e-05,2.3031941865180562e-12,-1.14e-09,0.1636029431353881,3.1,0,0.002235807,35.631735,47.850009,snia-pec,02es,0.0,0.0,,100.0,,,,,,,,,,,,,,,,,
2807,ZTF20abektyy,0.15739886,0.00365548,z_snid,59023.21924995687,0.000196937,0.9701883953165727,-0.075787699,0.1810503195447381,6.442289808848554e-06,0.1787510996704948,0.033506449,4.211770198327948e-08,0.007773024,-0.000613242,-3.04e-07,-1.68e-07,-6.01e-05,0.020476686,3.1,0,0.1436818506552404,256.950141,51.756441,snia-cosmo,norm,1.0,1.0,2020mpu,100.0,,,,,,,,,,,,,,,,,
2845,ZTF20abgfvav,0.08613588,1.027e-05,z_gal,59032.88965165056,0.000415305,-0.072202882,0.011264875,0.1394440655240032,1.3975584838539575e-05,0.1543303474064103,0.03120507,-5.18e-08,-0.000586265,-0.000328462,-6.1e-07,-3.46e-07,-2.4e-05,0.021030945,3.1,0,0.980517772,226.92268,32.009569,snia,,1.0,1.0,2020nia,100.0,,,,,,,,,,,,,,,,,
2846,ZTF20abgijph,0.08539436,0.00372055,z_snid,59032.64855040167,0.000656902,0.3650735973942449,-0.019405828,0.109256027,2.155061018215931e-05,0.1057500588997661,0.031010621,-5.91e-08,-0.001411601,-0.000145719,-4.98e-07,-5.72e-07,0.000216203,0.1666254562603742,3.1,0,0.793066175,347.127614,46.166122,snia-cosmo,norm,1.0,1.0,2020naz,100.0,,,,,,,,,,,,,,,,,
2847,ZTF20abgjbpj,0.13378936,0.00332866,z_snid,59028.47586854696,0.000315207,1.0299842107843196,-0.071262461,0.1916708145217853,1.25219756539049e-05,0.2247939212529898,0.039202126,6.240314714011636e-08,-0.000480552,-0.00111958,-1.15e-06,-4.19e-07,0.001456286,0.286055283,3.1,0,0.8927789942158919,309.440981,69.918958,snia,,1.0,1.0,2020oqy,100.0,,,,,,,,,,,,,,,,,
2855,ZTF20abhcean,0.14641158,6.963e-05,z_gal,59032.37350156122,0.00018652,0.4391575452288033,-0.055173028,0.2960104515914281,8.430985377836332e-06,0.2707523141899162,0.03938186,-2.16e-07,-0.017050387,-0.000375864,-1.28e-06,-2.64e-07,0.003328284,0.032023048,3.1,0,0.000265768,254.063083,41.567256,snia-cosmo,norm,1.0,1.0,,100.0,,,,,,,,,,,,,,,,,
2856,ZTF20abhjesj,0.01755548,1.414e-05,z_gal,59029.154264784505,0.000133944,-2.798674676,1.199999798451124,0.2637720430029731,3.447515357601208e-06,0.2623271145446895,0.2729759542752026,-2.62e-07,0.002956676,1.4251379868902534e-07,-9.08e-08,-1.66e-10,1.676482062480351e-07,0.1402925368667572,3.1,0,0.2048555034346553,49.94405,41.512627,snia,,0.0,0.0,,100.0,,,,,,,,,,,,,,,,,
2857,ZTF20abhjghg,0.05778016,0.00362353,z_snid,59037.32949426912,0.00195712,0.6386391998882828,-0.162377851,0.1889975936646806,8.179891521480662e-05,0.1670011389488195,0.035649245,-3.45e-06,-0.009643283,0.002001524,-5.48e-06,-2.53e-06,0.000856987,0.083787592,3.1,0,0.8070268705099148,43.993015,38.110821,snia-cosmo,norm,1.0,1.0,2020nus,100.0,,,,,,,,,,,,,,,,,
2870,ZTF20abixkhh,0.04461506,1.011e-05,z_gal,59040.09692597126,0.000596125,0.5804877604164003,0.4886082918294516,0.1572068625209794,1.997365113891482e-05,0.1285121374025257,0.028737125,-3.72e-07,-0.006318725,0.000227638,-1.84e-07,-4.96e-07,-0.0003232,0.015662645,3.1,0,0.9967592802154368,227.946972,36.770877,snia-cosmo,norm,1.0,1.0,2020nqw,100.0,,,,,,,,,,,,,,,,,
2872,ZTF20abixumi,0.02588378,1.998e-05,z_gal,59028.10945843036,0.006048372,-0.162684909,0.000355111,1.1211584842894808,0.002590375,1.3907485701809188,0.3019255840558794,-0.000230701,-0.949679046,0.011174172,0.000386638,-0.000806506,-0.038152155,0.011043415,3.1,0,0.0,250.182626,40.41447,snia-cosmo,norm,0.0,0.0,,100.0,,,,,,,,,,,,,,,,,
2874,ZTF20abjbiqf,0.05232818,5.257e-05,z_gal,59045.501682937145,0.001124062,-0.330957197,0.2143142149712382,0.1252595817568362,3.672902145345793e-05,0.1182002106580702,0.02946106,6.184690143527174e-07,-0.001769394,-0.000416662,-1.68e-07,-9.57e-07,6.151891209541255e-05,0.042380544,3.1,0,0.023162085,273.327326,42.251588,snia-cosmo,99aa,1.0,1.0,2020nxh,98.23529411764706,,,,,,,,,,,,,,,,,
2877,ZTF20abjgfac,0.03464482,0.0029904,z_snid,59033.33049306912,0.003138399,-1.024362588,-0.068489998,0.6926656294599525,0.000207084,0.2774891005787051,0.051489335,-4.14e-05,-0.16288854,0.011902889,-2.17e-06,-9.8e-06,-0.001484234,0.1043309760416333,3.1,0,0.8767937756818329,48.10632,19.252913,snia,,0.0,1.0,2020nze,100.0,,,,,,,,,,,,,,,,,
2881,ZTF20abjnmhn,0.11839978,0.0035609,z_snid,59041.04283,0.000333615,1.7195624716915876,-0.097175655,0.3485562775022117,1.2527525870797371e-05,0.2720101863734774,0.033983392,-1.19e-06,-0.017236173,0.001083947,-1.15e-06,-3.35e-07,0.00073679,0.026362136,3.1,0,0.7565572922670666,225.333116,15.757499,snia-cosmo,norm,1.0,1.0,2020dhg,100.0,,,,,,,,,,,,,,,,,
2885,ZTF20abjwtgr,0.12922173,0.00320039,z_snid,59044.946373192026,0.000234228,1.0029613694721855,-0.048502673,0.3211950307340885,8.255848100946792e-06,0.2976852692553529,0.03655724,-2.32e-07,-0.002925861,0.001408331,-5.61e-07,-2.68e-07,0.001881379,0.026261489,3.1,0,0.9625430590576024,267.940562,43.569003,snia-cosmo,norm,1.0,1.0,,100.0,,,,,,,,,,,,,,,,,
2899,ZTF20abkhjdq,0.03739495,0.00310846,z_snid,59023.13980041677,0.002696617,-0.418032858,0.1330162859067432,3.9930088522669394,0.000719614,1.0749538122566236,0.1529355764093838,-0.002566601,-3.906967381,0.5277800783998382,0.000484294,-0.000109148,-0.099065513,0.047656254,3.1,0,0.7995266342987157,306.225322,-21.689937,snia,,0.0,0.0,2020lyt,100.0,,,,,,,,,,,,,,,,,
2915,ZTF20ablvukx,0.07217674,0.00635059,z_snid,59057.36993650931,0.000802813,-0.314856136,0.014294996,0.5891771757123934,3.7348017614945454e-05,0.9592384423130124,0.043719204,-7.95e-06,0.5397319354056831,0.011894828,-1.67e-05,-1.43e-06,0.021302195,0.040161459,3.1,0,0.004069591,338.928787,-16.596919,snia-cosmo,norm,1.0,1.0,2020ppd,100.0,,,,,,,,,,,,,,,,,
2920,ZTF20abmbycd,0.0643268,0.0035,z_snid,59058.794754881696,0.000816159,-1.577588759,0.1283972253737335,0.1004321243926824,2.698998885762116e-05,0.097657577,0.030790625,1.9175460550142048e-07,-0.003048599,-0.000252344,-4.71e-07,-7.11e-07,0.000136376,0.06963565,3.1,0,0.04635514,355.348623,34.506599,snia-cosmo,norm,1.0,1.0,2020pre,100.0,,,,,,,,,,,,,,,,,
2929,ZTF20abmmkyv,0.06621913,0.00347023,z_snid,59059.92548322013,0.000986748,0.6044847763494549,0.016350856,0.2345605672817328,7.23223127262507e-05,0.2750586825501531,0.057554308,-6.5e-06,0.019875,0.00505544,-1e-05,-3.75e-06,0.003736262,0.1736944044297476,3.1,0,0.094177147,76.815298,65.552057,snia-cosmo,norm,0.0,1.0,2020qiz,100.0,,,,,,,,,,,,,,,,,
2944,ZTF20abnbpxq,0.02502064,1.414e-05,z_gal,59038.98306278009,0.009849904,-3.63941491,-0.399996228,1.3333507413008192,0.000809008,0.8087099441879284,1.1835936575515411,-0.000258277,-0.553432769,-8.79e-06,-0.00025117,-1.74e-07,2.875478067008697e-05,0.3810063187558463,3.1,0,0.9366848592753892,68.826839,17.195703,snia-cosmo,norm,0.0,0.0,,100.0,,,,,,,,,,,,,,,,,
2950,ZTF20abnngbz,0.03210395,1.224e-05,z_gal,59028.86581709173,0.000467655,1.1111196352680046,0.3384834866336251,1.3449508924604745,4.970593028197739e-05,0.4888379198667156,0.066766728,-3.68e-05,-0.450815452,0.050231624,-1.27e-06,-2.9e-06,-0.008035901,0.024619094,3.1,0,0.005458186,37.978416,3.1256,snia,,0.0,0.0,,100.0,,,,,,,,,,,,,,,,,
2978,ZTF20abpvolc,0.07148312,1.323e-05,z_gal,59075.831409212464,0.001040849,0.5518971966095778,-0.1410768,0.1054633384628687,3.2061821508519526e-05,0.1008178588927644,0.029397773,-1.28e-08,-0.001738329,-0.000171902,-3.91e-07,-7.9e-07,-0.000135529,0.080191469,3.1,0,0.4424340058608587,21.915299,17.657551,snia-cosmo,norm,1.0,1.0,2020qrm,100.0,,,,,,,,,,,,,,,,,
2979,ZTF20abpxtaz,0.09852597,1.786e-05,z_gal,59066.05624159548,0.000396484,-2.494972356,-0.206643569,0.2478200364057556,2.332823648837156e-05,0.2828152856378858,0.053187351,-2.5e-06,0.009378505,0.004704061,-3.8e-06,-1.05e-06,0.005634987,0.021497776,3.1,0,0.049460831,14.052996,-0.596684,snia-cosmo,norm,1.0,0.0,,100.0,,,,,,,,,,,,,,,,,
2987,ZTF20abqetet,0.06090509,0.00344093,z_snid,59076.38393261926,0.000627866,1.5918973340865774,0.2905839213352063,0.1151487462120712,2.099115742766898e-05,0.09906375,0.030729703,-6.56e-07,-0.000708747,0.000927323,-3.04e-07,-5.67e-07,0.000174596,0.1122812196083026,3.1,0,6.905040751486102e-52,7.117855,48.858753,snia-cosmo,norm,1.0,0.0,2020rlz,100.0,,,,,,,,,,,,,,,,,
2991,ZTF20abqiyna,0.14455581,0.00375366,z_snid,59081.54497417092,0.000343692,1.3194605022514612,0.001846424,0.1659224267350509,1.124583922162449e-05,0.2031509770319002,0.028728716,-2.27e-07,0.019981979,0.000397079,-7.91e-07,-2.74e-07,0.001114668,0.014667067,3.1,0,0.047729315,245.235643,35.127409,snia,,1.0,1.0,2020reo,100.0,,,,,,,,,,,,,,,,,
2998,ZTF20abqnctf,0.07103501,0.00302696,z_snid,59079.241777987634,0.000825843,0.1926897686908841,-0.036426778,0.2435186190632521,2.830073597092037e-05,0.2014396602951251,0.034090151,3.172070631388746e-07,-0.020571156,0.000604944,-7.59e-07,-7.64e-07,-0.001215781,0.1048122530589726,3.1,0,0.5311768637852982,271.352093,24.484334,snia-cosmo,norm,1.0,1.0,2020qxr,100.0,,,,,,,,,,,,,,,,,
3004,ZTF20abquppg,0.05733816,0.00425206,z_snid,59080.00994426502,0.000570716,-1.780381255,0.273114509,0.071325278,1.818147667600448e-05,0.090772658,0.02965832,-2.93e-08,0.000833301,1.0340697127639536e-05,-1.41e-07,-4.65e-07,-8.74e-06,0.068594109,3.1,0,0.049023502,356.137161,27.822087,snia-cosmo,norm,1.0,1.0,2020ram,100.0,,,,,,,,,,,,,,,,,
3010,ZTF20abrhlfb,0.08426646,2.401e-05,z_gal,59080.01159741752,0.000447406,-0.0775156,0.076110307,0.2996408383005473,2.866937843889304e-05,0.3763475107819731,0.054129754,1.8635174331986005e-06,0.013803385,-0.00291195,-6.2e-06,-1.38e-06,0.008645578,0.043596152,3.1,0,0.6346468813495807,326.960925,-11.867871,snia-cosmo,91t,1.0,1.0,2020rod,100.0,,,,,,,,,,,,,,,,,
3016,ZTF20absitlr,0.02043063,1.112e-05,z_gal,59017.464048413145,,,,,,,,,,,,,,0.067851309,3.1,0,,53.637136,-4.810504,snia,,,,,,,,,,,,,,,,,,,,,,
3034,ZTF20abujoya,0.06642422,0.00288617,z_snid,59080.82408771597,0.000629878,-1.530098165,0.008604578,0.3282518315609195,2.4759284796033397e-05,0.2123862042429377,0.038839135,-2.64e-06,-0.014255671,0.000420848,-5.11e-07,-6.98e-07,-0.001280609,0.1483350178156719,3.1,0,0.582820984,59.925313,26.589594,snia-cosmo,norm,1.0,1.0,2020rov,100.0,,,,,,,,,,,,,,,,,
3037,ZTF20abushtf,0.07921154,0.00581808,z_snid,59089.02576859825,0.001071409,0.4467025269030811,-0.148103186,0.1228351943282177,3.459007294444251e-05,0.13866685,0.030606101,7.047221546108551e-07,-0.001089231,-0.000352376,-4.91e-07,-8.93e-07,-0.00039638,0.2693101703814156,3.1,0,0.01849111,52.068329,36.799547,snia-cosmo,norm,1.0,1.0,2020rwf,100.0,,,,,,,,,,,,,,,,,
3039,ZTF20abvaida,0.05435929,0.00306635,z_snid,59081.09790134054,0.00225539,1.0269984882124092,-0.094364349,0.9022074888089264,0.000106368,0.3378229812456664,0.042623449,-5.01e-05,-0.225745709,0.011820985,1.1942782366662798e-05,-3.52e-06,-0.007003482,0.4996481779970646,3.1,0,0.420877799,66.036165,11.961586,snia-cosmo,99aa,0.0,1.0,2020rnf,100.0,,,,,,,,,,,,,,,,,
3044,ZTF20abvxcao,0.15662311,0.00320039,z_snid,59094.33732898951,0.000203872,0.539102927,-0.126907353,0.3080717763732536,1.0745966149535314e-05,0.3674584613397544,0.051132238,7.981546368237546e-07,0.01848852,-0.005005751,-2.41e-06,-4.14e-07,0.004592117,0.053451508,3.1,0,0.009310443,345.183793,1.273725,snia,,1.0,1.0,,100.0,,,,,,,,,,,,,,,,,
3045,ZTF20abvxdio,0.19234899,0.00291204,z_snid,59096.45123329644,0.000196817,2.5881647529207794,0.1438416078505696,0.3960765898955287,1.111757707000457e-05,0.4685780691761319,0.052544158,-1.76e-07,-0.00721225,-0.001532686,-3.6e-06,-4.36e-07,0.007291966,0.034437791,3.1,0,0.1734521278554645,338.122228,-4.290969,snia-pec,03fg,1.0,1.0,,100.0,,,,,,,,,,,,,,,,,
3047,ZTF20abvxsgk,0.05419969,1.682e-05,z_gal,59086.40618722509,0.001385065,-0.492549275,-0.131434744,0.2009869212706689,4.2778096896532616e-05,0.4071813760645907,0.05529483,-1.17e-07,-0.010998363,-0.000429003,2.9149969280096868e-08,-1.11e-06,-0.017889697,0.029417018,3.1,0,0.9955898520966828,20.980232,-4.915217,snia-cosmo,norm,1.0,1.0,2020sww,100.0,,,,,,,,,,,,,,,,,
3059,ZTF20abwkqxd,0.04362663,0.00317648,z_snid,59100.48261579254,0.002767554,1.1200567404622448,0.1108943802973979,0.1004714504269941,0.000103055,0.1345722189418753,0.03209492,2.15126870326542e-06,-0.005761729,-0.000375805,-6.12e-06,-2.86e-06,0.000990069,0.2308509042685715,3.1,0,0.000591237,311.299644,69.408877,snia-cosmo,91t,1.0,1.0,2020scd,100.0,,,,,,,,,,,,,,,,,
3065,ZTF20abxawtv,0.06696761,2.108e-05,z_gal,59079.65419651307,0.000364731,-0.090034358,0.114941055,1.9355127345006624,0.000151648,1.749511803232226,0.2664810144834557,-0.000155992,0.8340842922785238,0.1829240942026695,-0.00018984,-4.01e-05,0.3125866532447425,0.038070513,3.1,0,0.9664247991998708,123.525788,40.267625,snia,,0.0,0.0,,100.0,,,,,,,,,,,,,,,,,
3076,ZTF20abxkwca,0.02779677,1.622e-05,z_gal,59100.25953495656,0.000696691,-0.734209647,0.167409607,0.1834157515586412,4.6740819879542814e-05,0.2178840796777015,0.04792333,2.4902398398442785e-06,-0.004974308,-0.002640746,-5.81e-06,-1.84e-06,0.001416632,0.073312268,3.1,0,0.000148712,125.132445,56.475698,snia-pec,91bg,0.0,1.0,,100.0,,,,,,,,,,,,,,,,,
3078,ZTF20abxlwht,0.05768592,2.237e-05,z_gal,59100.12962098393,0.000791322,-1.273279292,0.028402747,0.3131424461498682,3.06397865504295e-05,0.3142952905821536,0.034378092,2.801221512140075e-06,0.045229401,5.314570632312092e-05,-2.7e-07,-8.34e-07,0.000743994,0.04551699,3.1,0,0.032458818,252.297229,21.796532,snia-cosmo,norm,1.0,1.0,2020sid,100.0,,,,,,,,,,,,,,,,,
3079,ZTF20abxmgny,0.08154947,3.966e-05,z_gal,59094.64741004084,0.000881231,0.647057153,-0.026675283,0.3466181854455499,2.9187572267103625e-05,0.2493303810267728,0.032901438,1.8198609158409584e-06,-0.067129374,-0.002397297,-1.77e-06,-8.03e-07,0.00144295,0.06535644,3.1,0,0.2692109489238363,280.935663,66.796397,snia-cosmo,norm,1.0,1.0,2020sgc,100.0,,,,,,,,,,,,,,,,,
3082,ZTF20abxrsjb,0.07895764,0.00421456,z_snid,59103.25295811164,0.000725076,1.2623914274177117,0.017301496,0.2247585013174102,2.799638457373063e-05,0.2454854306861805,0.035253837,-1.83e-07,-0.014988365,0.000117723,-2.81e-06,-7.67e-07,0.000522147,0.045725931,3.1,0,0.9406319211871448,276.545571,34.437552,snia-cosmo,norm,1.0,1.0,2020sgh,100.0,,,,,,,,,,,,,,,,,
3101,ZTF20abyjopm,0.10537359,0.00288617,z_snid,59106.08201455926,0.00052635,0.6491505227223544,-0.135727028,0.1895583371006068,1.788364878179343e-05,0.1931281729352722,0.034464188,-6.17e-07,0.003553252,0.000195577,-9.5e-07,-4.88e-07,0.000214111,0.067796289,3.1,0,0.008140852,12.16883,41.655279,snia,,1.0,1.0,2020spd,100.0,,,,,,,,,,,,,,,,,
3102,ZTF20abyjoxb,0.08028671,0.00308707,z_snid,59108.910874770125,0.000590315,0.7673571536176244,0.005209441,0.2184860859379114,1.9595378797136417e-05,0.1735248437920059,0.031624659,-9.77e-07,-0.007148348,0.000976501,-4.4e-07,-5.2e-07,-5.46e-05,0.064681046,3.1,0,0.4018623887926205,7.632705,33.207728,snia-cosmo,norm,1.0,1.0,2020svi,100.0,,,,,,,,,,,,,,,,,
3121,ZTF20abyyzyd,0.06727717,1.502e-05,z_gal,59099.51624001825,0.000438837,3.9873183149460263,0.4420725356019159,0.7157960818549327,0.000634399,1.6694175384710803,1.2123826207694552,-7.56e-05,-0.187497433,0.1240498482047294,-0.000256335,-0.000716914,0.4081580667216612,0.008040973,3.1,0,0.9996518371054856,213.77119,40.232527,snia-cosmo,norm,0.0,0.0,,100.0,,,,,,,,,,,,,,,,,
3144,ZTF20acajvrj,0.06939115,1.199e-05,z_gal,59122.76556,0.000506787,-0.553592604,0.2360059878390114,0.1188586797034076,1.9662441545027414e-05,0.1949275290452053,0.033435429,-1.89e-07,0.005646165,0.000494703,-1.73e-06,-5.66e-07,0.001883093,0.1046060347867434,3.1,0,0.046838598,1.271665,12.768023,snia-cosmo,norm,1.0,1.0,2020ttg,100.0,,,,,,,,,,,,,,,,,
3146,ZTF20acbakkg,0.03966769,0.00308707,z_snid,59118.18869126144,0.000379421,-3.076051325,0.5909068766985633,0.1391725614957977,1.548274430166735e-05,0.2067967733309663,0.036645645,5.4422560220715963e-08,0.000148169,0.000162477,-9.2e-07,-4.98e-07,0.001543423,0.072955083,3.1,0,1.425102423776624e-22,279.050671,77.149931,snia-pec,91bg,1.0,0.0,2020ttf,100.0,,,,,,,,,,,,,,,,,
3166,ZTF20acdnmpv,0.06692564,0.00327567,z_snid,59126.1515,0.000789386,-2.039969506,-0.030359727,0.1276937453731079,2.9247648092786075e-05,0.1882427108814683,0.03477914,8.579100545962229e-09,0.005268395,-0.000101501,-1.7e-06,-8.48e-07,0.000936565,0.089685587,3.1,0,0.9915781553186256,295.870201,65.192695,snia-cosmo,norm,1.0,1.0,2020uca,100.0,,,,,,,,,,,,,,,,,
3169,ZTF20acdutnz,0.06344712,1.1e-05,z_gal,58721.31553592033,0.000993337,-3.70635875,-0.399999986,2.411995064179792,0.00030256,0.5109929261613251,1.437742392686508,-0.000663388,-0.327871753,-7.26e-06,-9.23e-06,-5.98e-09,8.730955745008932e-06,0.030617394,3.1,0,0.4046314423464412,21.208554,-6.797453,snia-cosmo,norm,0.0,0.0,2019olm,100.0,,,,,,,,,,,,,,,,,
3174,ZTF20aceqoer,0.11837278,3.098e-05,z_gal,59129.31672817036,0.000356605,-0.029334222,-0.010225737,0.221019334,1.4394873724676524e-05,0.2669126122846935,0.040017331,-7.55e-07,0.016824803,0.000656335,-1.69e-06,-4.4e-07,0.00120745,0.024398475,3.1,0,0.071302962,15.257849,21.199338,snia,,1.0,1.0,2020ule,100.0,,,,,,,,,,,,,,,,,
3175,ZTF20acexvcz,0.08346229,0.00338378,z_snid,59126.69993680743,0.000499224,-2.050481433,0.006451232,0.098663303,1.735760772665466e-05,0.1819849145714829,0.034285425,-9.67e-08,0.005990391,-0.000106669,-1.03e-06,-4.7e-07,0.00057541,0.026321549,3.1,0,0.2571035004982098,28.378869,1.557239,snia-cosmo,norm,1.0,1.0,2020ugv,100.0,,,,,,,,,,,,,,,,,
3176,ZTF20acezhcf,0.1535984,0.00288617,z_snid,59122.45742240235,0.00048107,4.999998953467869,0.3003200638998906,0.6968221645111043,2.607553201053778e-05,0.1975079520891696,0.050003842,-1.08e-05,3.87804080158436e-08,0.011242798,5.613577561350933e-13,-1.1e-06,-9.53e-11,0.3212513497991824,3.1,0,6.924068567620515e-05,98.210532,-12.383551,snia,,1.0,0.0,2020zct,100.0,,,,,,,,,,,,,,,,,
3209,ZTF20acgrzjm,0.0289567,0.00015044,z_gal,59047.44249976059,,,,,,,,,,,,,,0.032846987,3.1,0,,79.957694,-20.965134,snia,,,,,,,,,,,,,,,,,,,,,,
3214,ZTF20acgzjje,0.05750979,0.00015044,z_gal,59138.85643204761,0.000943725,-2.450407706,-0.001539578,0.1629966743203112,3.283700378250152e-05,0.1902080509684898,0.034924488,-2.88e-07,0.004466657,-0.000141199,-9.87e-07,-9.22e-07,-1.06e-05,0.023148085,3.1,0,0.3067321009577422,329.358521,-19.830084,snia-cosmo,norm,1.0,1.0,2020vco,100.0,,,,,,,,,,,,,,,,,
3220,ZTF20achaybx,0.07872382,1.943e-05,z_gal,59138.69761939439,0.000764915,0.4107436250254639,-0.110999238,0.1716948701323417,2.5006596585641945e-05,0.1913270819899112,0.033262677,1.8672598025220314e-07,0.010217941,-0.000816981,-5.77e-07,-6.54e-07,-0.001066485,0.024215277,3.1,0,0.9168693278926284,3.491791,-5.466262,snia-cosmo,norm,1.0,1.0,,100.0,,,,,,,,,,,,,,,,,
3228,ZTF20achksbc,0.07593158,0.0032249,z_snid,59138.87099543505,0.000706763,0.3748487597410297,0.010392262,0.1337675910908728,2.2200004690266565e-05,0.1317607694492805,0.030448729,3.8016690183450326e-08,0.000801553,-0.000198088,-3.16e-07,-5.67e-07,-0.000137965,0.077817975,3.1,0,0.6044629592598565,290.98171,67.570072,snia-cosmo,norm,1.0,1.0,2020vaf,100.0,,,,,,,,,,,,,,,,,
3234,ZTF20achoqvb,0.03067204,1.897e-05,z_gal,59135.462870336174,0.000858142,-1.66464192,0.7005807548926642,0.2005162042041774,4.653605548137667e-05,0.1333220392547633,0.043952898,-3.74e-06,-0.007819054,0.003368443,-1.76e-07,-1.92e-06,-0.000190738,0.020590821,3.1,0,2.7560200430302552e-30,167.854712,28.535888,snia-pec,18byg,1.0,0.0,2020xvf,87.80487805,,,,,,,,,,,,,,,,,
3238,ZTF20achsfcq,0.09716374,0.00183589,z_SEDm,59140.263885482666,0.000425532,0.4950712446052761,-0.021600081,0.1852552944474155,1.4022436493352865e-05,0.2202930564631579,0.033570325,-8.17e-08,0.015060563,0.000174957,-5.38e-07,-3.78e-07,-0.000241507,0.01298347,3.1,0,0.4275936310851162,12.097243,-21.958707,snia-cosmo,norm,1.0,1.0,2020vfa,100.0,,,,,,,,,,,,,,,,,
3247,ZTF20achvmjr,0.05563516,1.414e-05,z_gal,59136.54814491449,0.000566065,-2.398990548,0.1997672107852027,0.2234047364981961,2.1397558766134367e-05,0.1973399458332116,0.038288345,-9.82e-07,-0.007303683,0.000689674,-5.87e-07,-6.48e-07,-0.000231629,0.051084603,3.1,0,0.000621446,119.308713,-5.203823,snia-cosmo,norm,1.0,1.0,2020vee,100.0,,,,,,,,,,,,,,,,,
3249,ZTF20achwpvs,0.080602,0.00154353,z_SEDm,59139.62630824687,0.000588534,-2.234472962,0.096448442,0.1722244972952467,2.1338204887804183e-05,0.2282955528501002,0.03651366,-2.66e-07,0.009125642,0.00035602,-1.05e-06,-6.18e-07,0.000245998,0.088780819,3.1,0,0.000669264,310.732473,5.852408,snia-cosmo,norm,1.0,1.0,2020wdq,100.0,,,,,,,,,,,,,,,,,
3250,ZTF20achyvas,0.08900231,0.00294109,z_snid,59133.92905009903,0.00060489,0.591585659,-0.093140517,0.2539581170312885,2.1360676389982867e-05,0.2810163003443747,0.035196047,-9.48e-07,0.005398488,0.000793293,-1.51e-06,-5.97e-07,0.000138787,0.1272861182385223,3.1,0,0.6879372830938727,293.414631,39.388882,snia-cosmo,norm,1.0,1.0,,100.0,,,,,,,,,,,,,,,,,
3260,ZTF20acikzzn,0.06206454,0.00330189,z_snid,59142.28420696874,0.000856242,0.069255403,0.1537227605759106,0.2523216652625706,3.4224606016988995e-05,0.2886939446993528,0.036716922,2.923224412449595e-07,-0.004373488,4.243131836496696e-06,-2.1e-06,-1.07e-06,0.000294126,0.3595578379206348,3.1,0,0.5737963577052252,69.151826,21.133017,snia-cosmo,norm,1.0,1.0,2020vzm,100.0,,,,,,,,,,,,,,,,,
3261,ZTF20acimhna,0.03123019,0.00289871,z_snid,59138.01231414214,0.003252857,-3.210432782,0.1048361064731049,0.2802515460862196,0.000195125,0.3588776899271484,0.048243104,-3.98e-06,-0.016022419,-0.0002696,-9.36e-06,-8.53e-06,0.001434101,0.9557243041519514,3.1,0,0.9999998811989428,74.691339,51.559363,snia,,1.0,0.0,,100.0,,,,,,,,,,,,,,,,,
3264,ZTF20acimzlk,0.09421735,2.085e-05,z_gal,59141.13144440464,0.000198533,-1.614102596,0.1851731004944761,0.2377022920554736,7.299908722075194e-06,0.2771202417491041,0.036191623,1.236060078292462e-08,-0.002865585,-0.00041292,-3.96e-07,-2.16e-07,0.000265651,0.064009522,3.1,0,0.9218581037888304,107.875742,62.825594,snia-cosmo,norm,1.0,1.0,,100.0,,,,,,,,,,,,,,,,,
3278,ZTF20acixidp,0.06847237,0.00353023,z_snid,59150.50659897343,0.001298458,0.3998628115019542,-0.135464162,0.1553019325074274,4.728565496248127e-05,0.1669934018330514,0.03381056,-5.48e-07,0.006284134,6.716697457826047e-05,-2.41e-06,-1.34e-06,0.000551995,0.1973423608035003,3.1,0,0.003473462,346.561818,45.225539,snia-cosmo,norm,1.0,1.0,2020xyj,100.0,,,,,,,,,,,,,,,,,
3300,ZTF20aclczbr,0.09875732,0.00347023,z_snid,59145.68325105284,0.000271567,-1.01974349,0.1623118774643226,0.3524975350082968,1.1458667182750288e-05,0.3585513268581436,0.046549321,2.79265420008967e-07,0.026786987,-0.003888522,-8.32e-07,-3.9e-07,-0.002023665,0.033666985,3.1,0,0.8727484028752295,64.431279,-26.385147,snia-cosmo,norm,1.0,1.0,2020xqq,100.0,,,,,,,,,,,,,,,,,
3302,ZTF20aclflxd,0.079976,0.00263074,z_nonSEDm,59152.57898988445,0.000620093,-0.883049735,0.06781,0.072783598,1.97384375058325e-05,0.093856409,0.029842512,2.1930390874799357e-07,0.00056994,-0.000318668,-2.39e-07,-5e-07,-7.71e-05,0.067741916,3.1,0,0.030367185,105.869913,36.413771,snia-cosmo,norm,1.0,1.0,2020ycp,100.0,,,,,,,,,,,,,,,,,
3303,ZTF20aclggpx,0.08347251,2.819e-05,z_gal,59151.29623919078,0.000352967,-1.917285349,0.037368213,0.1259065891936188,1.3047126779414683e-05,0.1908242732229896,0.036073478,1.9875443219893226e-07,0.005026064,-0.000407087,-8.6e-07,-3.68e-07,0.001082477,0.028218453,3.1,0,0.050436767,132.156785,22.662675,snia-cosmo,norm,1.0,1.0,2020yfc,100.0,,,,,,,,,,,,,,,,,
3313,ZTF20aclwowi,0.1037122,0.00344093,z_snid,59155.89408306263,0.000463654,1.7595724284464382,-0.019280931,0.3161778230132768,2.3801465968556056e-05,0.4428520155882416,0.045020232,-1.29e-06,0.020644664,0.001071348,-6.55e-06,-8.38e-07,0.005475676,0.029125183,3.1,0,0.4965499608962032,330.050989,-18.226609,snia-cosmo,norm,1.0,1.0,2020xvc,100.0,,,,,,,,,,,,,,,,,
3318,ZTF20acmddof,0.05285518,0.00142882,z_SEDm,59155.557136096686,0.000954457,0.2341775534876143,0.1206201503770066,0.1651419212394103,3.5826025556745555e-05,0.1794056176994195,0.032576003,8.055957188516238e-08,-0.008153662,5.69375438959883e-05,-2.23e-06,-1.01e-06,0.001012032,0.1576078311534842,3.1,0,0.1034243459570276,91.640737,47.590465,snia-cosmo,norm,1.0,1.0,2020xuv,100.0,,,,,,,,,,,,,,,,,
3321,ZTF20acmntog,0.08874182,1.226e-05,z_gal,59157.71858090273,0.00039368,-0.85696815,0.020413334,0.2045327828491281,1.4276667595428127e-05,0.1957593298799769,0.033939503,-4.9e-07,-0.013258601,0.000391087,-6.18e-07,-4.04e-07,0.00031956,0.063730721,3.1,0,6.884975558899005e-07,53.30816,-14.676472,snia,,1.0,1.0,2020yhg,99.42857142857144,,,,,,,,,,,,,,,,,
3327,ZTF20acndqhk,0.08887324,0.00043256,z_nonSEDm,59149.54076983842,0.000448692,0.4696835888915895,0.098722869,0.362341069,2.3578781081457444e-05,0.4559382756947135,0.048248393,9.319105700598644e-07,0.014485365,-0.000117233,-4.83e-06,-9.02e-07,0.003624479,0.3462167676246928,3.1,0,0.1302766090510662,63.716563,23.700187,snia-cosmo,norm,1.0,1.0,2020ybt,100.0,,,,,,,,,,,,,,,,,
3331,ZTF20acnsinb,0.07969348,1.082e-05,z_gal,59156.10977836407,0.000579121,-0.46735943,-0.02975498,0.2933002114805276,1.9978911817632823e-05,0.2385212150606625,0.032694381,-6.76e-07,-0.047584718,0.000579745,-4.61e-07,-5.51e-07,6.595655223096894e-05,0.040414149,3.1,0,0.6943792554618868,331.011207,3.284828,snia-cosmo,norm,1.0,1.0,2020yhn,100.0,,,,,,,,,,,,,,,,,
3333,ZTF20acnviyk,0.10603785,1.093e-05,z_gal,59160.506002680704,0.000405959,0.3838169434970576,-0.071698865,0.1969178541185101,1.3851218964596942e-05,0.2191266508202187,0.034778918,-4.29e-07,0.008197653,0.000291401,-8.39e-07,-3.54e-07,-0.000377538,0.025786865,3.1,0,0.160336182,132.412875,20.023147,snia-cosmo,norm,1.0,1.0,2020yhj,100.0,,,,,,,,,,,,,,,,,
3335,ZTF20acnvnss,0.04425176,1.527e-05,z_gal,59150.74341658082,0.000764003,-2.078723523,0.3314583396604394,0.6239234961358306,0.000131544,0.3940042695761503,0.1269191474834324,-2.25e-05,-0.070500734,0.014669723,-3.36e-05,-1.65e-05,0.034060472,0.03397827,3.1,0,0.0272171,168.140578,-6.282668,snia,,0.0,0.0,,100.0,,,,,,,,,,,,,,,,,
3344,ZTF20acoaqpm,0.07689966,1.697e-05,z_gal,59161.55771783743,0.000830468,-0.488948044,-0.120187828,0.1806085906391672,3.654742377174231e-05,0.3629421953332037,0.037672142,-1.11e-06,0.030651221,-0.000204609,-7.55e-06,-1.1e-06,0.003322313,0.043615376,3.1,0,0.6028006204543581,281.180049,61.568302,snia-cosmo,norm,1.0,1.0,2020ypf,100.0,,,,,,,,,,,,,,,,,
3353,ZTF20acoojba,0.11433967,0.00320039,z_snid,59161.42954864418,0.000398618,0.7094786873548354,-0.083395987,0.2128187854577845,1.3691272841938551e-05,0.2149784417636409,0.03465766,-4.56e-07,0.001284705,0.000276014,-7.77e-07,-3.81e-07,6.116640487206361e-05,0.016261326,3.1,0,0.5146881358640011,44.443968,-20.721077,snia-cosmo,norm,1.0,1.0,2020yxl,100.0,,,,,,,,,,,,,,,,,
3354,ZTF20acopmey,0.09104278,0.00344093,z_snid,59168.22594203501,0.000595881,0.9183920901984866,-0.02132572,0.182225166,1.907537733266828e-05,0.1929778151270429,0.032015058,-1.55e-07,0.010560064,0.000107554,-4.89e-07,-5.09e-07,1.953529029889515e-05,0.086320236,3.1,0,0.8358009306823782,335.694752,-1.624517,snia,,1.0,1.0,2020yyk,100.0,,,,,,,,,,,,,,,,,
3355,ZTF20acoqlav,0.08096445,0.00294109,z_snid,59164.21102400291,0.00082107,-0.43411677,-0.098695976,0.1985859728119976,2.913007763532486e-05,0.2136788738041709,0.033622827,-7.13e-07,0.002869738,8.84994214960209e-05,-1.57e-06,-7.89e-07,0.000282821,0.077757592,3.1,0,0.2152015081039159,1.790115,39.170945,snia,,1.0,1.0,2020yvj,100.0,,,,,,,,,,,,,,,,,
3358,ZTF20acordqz,0.04051586,3.942e-05,z_gal,59167.77805751537,0.000574297,-0.636910275,0.5067412477996903,0.4660135393169184,2.2904914287426065e-05,0.3217573807378364,0.03698186,-9.61e-07,-0.076429878,-0.000172812,-6.59e-07,-7.3e-07,0.000946547,0.018947733,3.1,0,0.1297761109725322,8.621253,1.305992,snia-cosmo,norm,1.0,1.0,2020ytn,100.0,,,,,,,,,,,,,,,,,
3359,ZTF20acoredl,0.0581375,1.624e-05,z_gal,59165.474011422935,0.000604818,-2.1532404,0.1925854140372165,0.2089731388987274,2.427591159354385e-05,0.3001446189202931,0.035975093,-1.52e-06,0.028348719,0.001413187,-2.18e-06,-7.57e-07,0.001863178,0.024747464,3.1,0,0.2832391750322486,353.848573,-14.797212,snia-cosmo,norm/04gs,1.0,1.0,2020yti,100.0,,,,,,,,,,,,,,,,,
3365,ZTF20acowcee,0.10711931,0.0031305,z_snid,59161.28354659549,0.000357613,0.3339831582276021,-0.007631165,0.4207931128257769,1.7215114149626685e-05,0.4859716072392578,0.044328648,-2.59e-06,0.025938315,0.002128921,-4.16e-06,-5.76e-07,0.004117683,0.014836413,3.1,0,0.9680127254806344,28.626941,-21.301042,snia-cosmo,norm,1.0,1.0,2020yvd,100.0,,,,,,,,,,,,,,,,,
3367,ZTF20acowpur,0.06606906,1.77e-05,z_gal,59167.43213747724,0.000904714,0.01148694,-0.016253951,0.1454161894253047,2.863146468058171e-05,0.1611555593700993,0.030461509,-1.73e-07,0.004932162,7.479000611595728e-05,-4.78e-07,-7.36e-07,2.546287031036244e-05,0.1121451461078705,3.1,0,0.9407028045486364,44.869741,5.022078,snia-cosmo,norm,1.0,1.0,2020yzw,100.0,,,,,,,,,,,,,,,,,
3369,ZTF20acoxdas,0.09552372,1.804e-05,z_gal,59168.48587508778,0.000797955,1.429496929071108,-0.039160626,0.3949283262045355,2.6620591432887893e-05,0.2563186267695402,0.034095468,-5.85e-07,-0.03758097,-0.000503682,-5.93e-07,-7.06e-07,-0.001092935,0.03605629,3.1,0,0.001430953,150.508067,-2.01731,snia-cosmo,norm,1.0,1.0,2020yuw,100.0,,,,,,,,,,,,,,,,,
3376,ZTF20acpbbqf,0.04453409,1.503e-05,z_gal,59160.78015122991,0.001839469,-1.834798431,0.017764618,0.1450975470615958,6.421375300605262e-05,0.1831072295483814,0.03492743,-6.82e-07,0.002377897,-2.27e-06,-2.37e-06,-1.79e-06,0.000113624,0.011146906,3.1,0,0.5039352320451287,156.094916,41.707213,snia-cosmo,norm,1.0,1.0,2020yvs,100.0,,,,,,,,,,,,,,,,,
3380,ZTF20acpeldz,0.03620171,0.00011385,z_gal,59167.79885432556,0.003269929,0.3590134866241374,0.135636878,0.3697305462810618,0.000128981,0.2438072767850265,0.037667359,-7.36e-06,-0.03276833,0.001246461,-1.33e-06,-4.14e-06,-0.000714417,0.6421415083185795,3.1,0,0.055601744,69.786978,23.514907,snia,,1.0,1.0,2020zgq,100.0,,,,,,,,,,,,,,,,,
3381,ZTF20acpgjac,0.06209137,0.0031305,z_snid,59161.03317883429,0.000897004,0.9412008236095364,0.045179141,0.3035469702808768,4.253448613267301e-05,0.3410180950094285,0.03979157,-3.29e-06,-0.003830206,0.001791925,-6.43e-06,-1.43e-06,0.002937504,0.3465929519258008,3.1,0,0.045455559,118.1175,-19.420243,snia,,1.0,1.0,2020abog,100.0,,,,,,,,,,,,,,,,,
3384,ZTF20acpgzif,0.06884865,1.516e-05,z_gal,59171.01118738051,0.000786433,-0.77241601,0.045808407,0.085685667,2.399607299538445e-05,0.082415955,0.028015218,2.271576740740222e-07,-0.001957054,-0.000241377,-1.79e-07,-5.71e-07,-0.000108332,0.053808552,3.1,0,0.8479865222594407,118.572949,40.122244,snia-cosmo,norm,1.0,1.0,2020zci,100.0,,,,,,,,,,,,,,,,,
3387,ZTF20acphcdv,0.08541996,0.00300832,z_snid,59173.25876622908,0.000819309,0.725601547,-0.055939656,0.063731116,2.4368004123777147e-05,0.079723531,0.027767708,1.3265382276116578e-07,0.000120136,-0.000156131,-4.99e-08,-5.76e-07,-0.000252027,0.04070818,3.1,0,8.365545793211427e-07,129.136985,31.142273,snia,,1.0,1.0,2020aabx,100.0,,,,,,,,,,,,,,,,,
3390,ZTF20acphsbv,0.1206645,1.469e-05,z_gal,59169.70434011737,0.00034435,1.730147285,-0.04403494,0.3272357502646628,1.0994296846366076e-05,0.1984606019382615,0.032440151,-2.34e-07,-0.032990804,0.00067851,-8.4e-08,-2.94e-07,-0.001031469,0.045043518,3.1,0,0.5096499171404617,110.169729,34.073662,snia-cosmo,norm,1.0,1.0,2020zcw,100.0,,,,,,,,,,,,,,,,,
3396,ZTF20acpjino,0.07473535,0.00385519,z_snid,59175.77538396292,0.000865715,-0.798007135,-0.080270903,0.1615647387116041,2.9529357546639737e-05,0.296972662,0.032833355,7.171883177731314e-08,0.021788453,-0.000143587,-2.25e-06,-7.93e-07,0.000871135,0.090184962,3.1,0,0.004034851,291.2837,42.163935,snia-cosmo,norm,1.0,1.0,2020aabi,100.0,,,,,,,,,,,,,,,,,
3398,ZTF20acpkled,0.06589687,0.0031305,z_snid,59171.528330253685,0.00076359,-0.997177749,0.07269855,0.1761821694708487,2.5510832306795222e-05,0.1586873022981972,0.031039349,2.500508340308476e-07,-0.009988181,-5.18e-05,-7.5e-07,-6.6e-07,0.000160767,0.044485009,3.1,0,0.914030684,13.311889,37.793894,snia-cosmo,norm,1.0,1.0,2020zfp,100.0,,,,,,,,,,,,,,,,,
3406,ZTF20acplpur,0.09052919,1.02e-05,z_gal,59167.179564492784,0.000289866,0.2469639096217093,0.1075105283990765,0.1983837514562765,9.28961232256426e-06,0.1571843839875807,0.031082332,-1.7e-07,-0.003969005,0.000205201,-9.4e-08,-2.45e-07,-0.000207294,0.045792954,3.1,0,0.7985957391728685,59.981494,-12.237788,snia-cosmo,norm,1.0,1.0,2020zbr,100.0,,,,,,,,,,,,,,,,,
3416,ZTF20acpumut,0.08046973,1.226e-05,z_gal,59178.28054031421,0.000530667,0.047971785,-0.022157885,0.087103861,1.6832886024639715e-05,0.1068907603604273,0.029480404,1.772305771724192e-07,-0.000296308,-0.000390556,-3.57e-07,-4.19e-07,8.76714025239911e-05,0.058154814,3.1,0,0.4370538639259683,109.973434,37.558004,snia-cosmo,norm,1.0,1.0,2020zjo,99.45945945945944,,,,,,,,,,,,,,,,,
3418,ZTF20acpwjus,0.0718332,1.247e-05,z_gal,59177.79604384453,0.000936204,1.1448820630471508,0.1298170421465024,0.1951951314149482,3.5706705035660265e-05,0.2249794036584967,0.035271456,-7.39e-07,0.00375874,0.000617163,-3.04e-06,-1.04e-06,0.00130672,0.027805383,3.1,0,0.1653380317984515,141.63858,-1.650258,snia-cosmo,91t,1.0,1.0,2020zjv,100.0,,,,,,,,,,,,,,,,,
3425,ZTF20acqhysq,0.04887219,0.00317648,z_snid,59175.47611565432,0.001260195,-0.2513675,0.063896894,0.1653455226660298,0.000300607,0.2493867069351917,0.1732059787221142,-1.18e-06,0.009003405,0.000384607,-8.15e-06,-5.24e-05,0.003435008,0.029271519,3.1,0,0.9991983519190332,129.743193,5.79099,snia-cosmo,norm,1.0,0.0,2020aagw,100.0,,,,,,,,,,,,,,,,,
3435,ZTF20acqzpta,0.07140949,2.51e-05,z_gal,59180.256293039616,0.000698683,-1.985890178,0.056017703,0.080700025,2.274202700854717e-05,0.1008631715850228,0.030207772,-3.42e-08,0.001344611,1.8885165988422696e-05,-4.95e-07,-5.74e-07,0.000197776,0.041971443,3.1,0,0.034017675,24.478379,30.106876,snia-cosmo,norm,1.0,1.0,2020aaez,100.0,,,,,,,,,,,,,,,,,
3438,ZTF20acrcewc,0.02385709,1.001e-05,z_gal,59159.12841638905,0.00614636,0.011178505,0.077069458,0.5323163875473256,0.000369669,0.1826444709154306,0.042828214,-4.61e-05,-0.039223685,-0.0013407,-2.95e-05,-1.39e-05,0.0030956,0.024438428,3.1,0,0.9494595794560264,198.978622,8.027428,snia-cosmo,norm,0.0,1.0,2020abcp,95.65217391304348,,,,,,,,,,,,,,,,,
3440,ZTF20acrdemq,0.0682018,0.00332866,z_snid,59183.66403817714,0.001081283,0.5780915517482935,-0.066549117,0.143659432,3.489133696465529e-05,0.1212535084238891,0.029221379,1.4901949499502957e-07,-0.004306159,-0.000249251,-8.05e-07,-8.4e-07,-0.000165564,0.054183623,3.1,0,0.018572584,6.834907,39.497815,snia-cosmo,91t,1.0,1.0,2020aaeu,100.0,,,,,,,,,,,,,,,,,
3448,ZTF20acrxrfv,0.08124605,0.00338378,z_snid,59186.29250034522,0.00067231,0.679423201,-0.063056312,0.2155567357694963,2.244953357498277e-05,0.1886690821799092,0.032031086,7.10509137189161e-08,-0.015238057,-2.96e-05,-9.5e-07,-5.69e-07,-0.000161542,0.048443468,3.1,0,0.2099543378491417,0.814112,30.67541,snia-cosmo,norm,1.0,1.0,2020aaxa,100.0,,,,,,,,,,,,,,,,,
3449,ZTF20acsdykp,0.09171492,2.261e-05,z_gal,59184.396428290245,0.000440615,0.2975217865438861,-0.020321879,0.3065650266362354,1.9942801563219696e-05,0.3048895022226026,0.040275687,4.819759783024498e-07,-0.033598228,-0.001593101,-3e-06,-6.58e-07,0.003101616,0.027061501,3.1,0,0.9999997159194696,124.863372,2.101399,snia,,1.0,1.0,2020aaxd,100.0,,,,,,,,,,,,,,,,,
3454,ZTF20actfeym,0.0559054,1.414e-05,z_gal,59187.70768620639,0.001542334,1.5387140912822517,0.057002381,0.4869389217928983,6.027571713755761e-05,0.2531098127496295,0.035293527,-6.7e-06,-0.072117718,0.001316708,-6.53e-08,-1.77e-06,-0.000954617,0.2622412794095188,3.1,0,0.7628905658128293,44.742219,9.964299,snia-cosmo,norm,1.0,1.0,2020aaue,100.0,,,,,,,,,,,,,,,,,
3455,ZTF20actfoxr,0.05741198,0.00414035,z_snid,59185.64609274325,0.001153433,-1.570064421,-0.029965938,0.1113436782507051,4.5134447173686594e-05,0.1826534000547799,0.034791125,-8.45e-07,0.007957177,0.000312983,-3.34e-06,-1.36e-06,0.001552402,0.3360395674429899,3.1,0,0.7836484547350049,72.974689,13.099634,snia-cosmo,norm,1.0,1.0,2020aauh,100.0,,,,,,,,,,,,,,,,,
3458,ZTF20actljfs,0.06215693,0.00410366,z_snid,59182.64601,0.000798872,-2.271527297,-0.051958873,0.5146473587010405,3.4969715899813426e-05,0.2972473495961644,0.043198229,-5.08e-06,-0.06288702,0.003899856,6.344545415356591e-07,-1.21e-06,-0.002910389,0.036599239,3.1,0,5.3865499908212775e-15,155.821496,-8.38878,snia,,1.0,0.0,2020aaym,100.0,,,,,,,,,,,,,,,,,
3488,ZTF20acuoclk,0.08215102,0.0035,z_snid,59193.38762,0.000569654,-1.394189752,-0.090015882,0.1202307659004873,1.7428157357722443e-05,0.078622545,0.029144343,-1.47e-07,-0.002769343,-6.74e-05,8.241701406692542e-09,-4.27e-07,-0.000312366,0.045482523,3.1,0,0.006783355,124.069794,37.403891,snia-cosmo,norm,1.0,1.0,2020abqd,100.0,,,,,,,,,,,,,,,,,
3533,ZTF20acwogqz,0.09095649,1.04e-05,z_gal,59201.28436946764,0.000214243,-0.22768473,0.2174449280041109,0.3435725181516318,1.1268189973172175e-05,0.3510309463371692,0.044650278,3.670251754011088e-07,-0.020010784,0.000135683,-1.54e-06,-4.27e-07,0.002397561,0.022086572,3.1,0,0.1450502076163314,160.173185,27.318885,snia,,1.0,1.0,2020acjd,100.0,,,,,,,,,,,,,,,,,
3542,ZTF20acwqjaw,0.0634,0.0028,z_snid,59188.50563133504,0.001037509,0.549714582,0.008203988,0.49774296,4.516095351782246e-05,0.2883507504474853,0.039785204,-5.61e-06,-0.052344989,9.821581720980197e-06,-2.64e-06,-1.39e-06,0.000384363,0.077761042,3.1,0,0.8608595906143466,150.932311,-27.834312,snia,,1.0,1.0,2020acew,100.0,,,,,,,,,,,,,,,,,
3543,ZTF20acwqkuz,0.07944867,0.00315317,z_snid,59209.36195255656,0.00076531,1.5808067570918984,-0.012567069,0.2518405034752504,2.8806204268300495e-05,0.2517752784879865,0.031573923,-3.45e-08,-0.027632843,-0.000186632,-3e-06,-7.58e-07,0.001555349,0.032576358,3.1,0,0.9357880771247472,196.013075,78.586146,snia,,1.0,1.0,2020acqv,100.0,,,,,,,,,,,,,,,,,
3558,ZTF20acxiyyp,0.1519849,0.00042143,z_nonSEDm,59206.49075523931,0.000195648,1.971638259446812,0.037512862,0.1836949514181469,6.821957720847934e-06,0.2220084743973038,0.035137834,1.8425596014478386e-07,-0.014121336,-0.00079481,-5.92e-07,-1.91e-07,0.000814347,0.045734987,3.1,0,0.2071342756137532,113.484415,16.607295,snia-cosmo,norm,1.0,1.0,2020acod,100.0,,,,,,,,,,,,,,,,,
3560,ZTF20acxlaih,0.03882836,1.145e-05,z_gal,59208.50901,0.001652494,-0.230463502,0.1540822519855529,0.1220402078797633,6.633005239299887e-05,0.2448828197592068,0.03364211,3.808004026030426e-07,0.013352346,-0.00039372,-5.02e-06,-2e-06,0.00128802,0.045386774,3.1,0,0.6554215021343965,332.319983,4.717332,snia-cosmo,norm,1.0,1.0,2020acpb,100.0,,,,,,,,,,,,,,,,,
3568,ZTF20acxpvhu,0.0843668,0.00300832,z_snid,59212.419288135374,0.000998509,1.2965165421224434,0.014080954,0.3199058272512047,5.249934521695183e-05,0.5131660639453277,0.043032473,-4.48e-06,0.048090876,0.000133886,-1.72e-05,-1.78e-06,0.006479873,0.17031456,3.1,0,0.8968394310577252,83.411184,-9.033029,snia-cosmo,91t,1.0,1.0,2020adgj,100.0,,,,,,,,,,,,,,,,,
3577,ZTF20acxznai,0.0690113,1.165e-05,z_gal,59209.974572488994,0.000971619,-0.759485064,-0.159757304,0.1464874672383302,4.5333047418273566e-05,0.209402335,0.038033116,3.460716991366321e-07,-0.001244786,-0.000559233,-5.94e-06,-1.42e-06,0.002742306,0.024093359,3.1,0,0.3116336303343764,147.454117,7.949255,snia-cosmo,norm,1.0,1.0,2020acwt,100.0,,,,,,,,,,,,,,,,,
3587,ZTF20acyonmr,0.05242542,0.00042828,z_nonSEDm,59140.98507710396,0.00196379,-0.619804714,0.1585888477348791,0.3478945370879955,0.000141446,0.3271616722106086,0.056764062,-1.02e-05,-0.051284093,0.007765933,-2.3e-05,-7.19e-06,0.003863956,0.05364008,3.1,0,0.8755374214525049,91.83102,-21.55765,snia,,1.0,1.0,2020uyh,100.0,,,,,,,,,,,,,,,,,
3590,ZTF20acyroke,0.12664778,4.323e-05,z_gal,59214.091693008224,0.000399308,0.9184233215381062,-0.053638304,0.2711600024049403,1.8024192983762924e-05,0.2626169307689049,0.038868091,-1.62e-06,0.01665311,0.001685334,-2.65e-06,-5.47e-07,0.002710514,0.015297881,3.1,0,0.003807865,188.966001,37.703481,snia-pec,csm,1.0,1.0,2020aeuh,100.0,,,,,,,,,,,,,,,,,
3605,ZTF20aczhajq,0.02522021,1.772e-05,z_gal,59178.78550293382,0.002922092,2.818313266441531,0.2357196561836682,3.3736264802646474,0.00070424,3.207284588175949,0.081481621,0.001615221,-12.00492103,0.015383591,-0.002258417,-4.15e-08,-0.073504748,0.008881222,3.1,0,0.040429214,247.164708,39.521014,snia,,0.0,0.0,2020abla,100.0,,,,,,,,,,,,,,,,,
